model,label,Ligand_Short_Hand,rmse,mae,bias,mean_predictive_std,n
M0_vbur_vmin,%Vbur(min) + Vmin,AmPhos,12.780856588534009,9.85190802957754,-1.531106459484458,14.323503138396738,96
M0_vbur_vmin,%Vbur(min) + Vmin,CataCXium A,16.524055481008478,12.269280679955685,1.0709203428032812,13.461328276169922,96
M0_vbur_vmin,%Vbur(min) + Vmin,P(Cy)3,13.994535438674742,11.174625621726037,0.9521630542092869,14.3193649484737,96
M0_vbur_vmin,%Vbur(min) + Vmin,P(Ph)3,11.050754563638169,8.993706399062916,2.0092516123178883,16.261393508102124,96
M0_vbur_vmin,%Vbur(min) + Vmin,P(o-Tol)3,11.526302883778774,9.298580046371661,0.5633049255515497,16.49339928129775,96
M0_vbur_vmin,%Vbur(min) + Vmin,P(tBu)3,14.28228185016353,10.266212621881618,-0.7498909009648953,14.91563600393679,96
M0_vbur_vmin,%Vbur(min) + Vmin,SPhos,13.311304755183135,10.132264516784234,-1.153701827979905,13.32982616652356,96
M0_vbur_vmin,%Vbur(min) + Vmin,XPhos,17.870551507826775,12.882601961725447,-2.6013889173458082,13.853053958250547,96
M1_interpretable_5,Five interpretable Kraken descriptors,AmPhos,13.196334888621543,10.189814312306991,-1.2259937432750017,13.863244909620262,96
M1_interpretable_5,Five interpretable Kraken descriptors,CataCXium A,14.22544140936891,10.655157535986588,1.110084140885329,12.039726351559786,96
M1_interpretable_5,Five interpretable Kraken descriptors,P(Cy)3,13.45103432907363,11.1670458818355,1.6369540006403789,12.628579268832054,96
M1_interpretable_5,Five interpretable Kraken descriptors,P(Ph)3,10.192854287076667,8.016819125766038,1.2250936319291548,13.497077091560476,96
M1_interpretable_5,Five interpretable Kraken descriptors,P(o-Tol)3,11.224735764089296,9.101808444348407,-0.021023006470793693,13.273950508585495,96
M1_interpretable_5,Five interpretable Kraken descriptors,P(tBu)3,12.927388233247612,9.938245163828855,-0.5767708987101523,13.259080662146497,96
M1_interpretable_5,Five interpretable Kraken descriptors,SPhos,11.723068146795558,9.102521946562875,-2.7965953257877696,12.590288663692016,96
M1_interpretable_5,Five interpretable Kraken descriptors,XPhos,12.435028672924801,9.80200667342084,-3.3657082257828854,12.919855086906885,96
M2_all_kraken,All cleaned Kraken descriptors,AmPhos,15.3582587972643,12.188419871057375,-1.3963179046968468,14.681140099898395,96
M2_all_kraken,All cleaned Kraken descriptors,CataCXium A,14.706529913111977,11.213589764529658,1.1575889090608287,14.79894257033438,96
M2_all_kraken,All cleaned Kraken descriptors,P(Cy)3,15.479412119202062,12.874298976988571,3.5573416757302287,14.665927327242029,96
M2_all_kraken,All cleaned Kraken descriptors,P(Ph)3,12.625541568130375,10.201359829044613,1.6262316725729313,14.723256625469093,96
M2_all_kraken,All cleaned Kraken descriptors,P(o-Tol)3,12.491214180211726,9.971911909854258,1.1057024427206084,14.871702286804117,96
M2_all_kraken,All cleaned Kraken descriptors,P(tBu)3,14.90289221581214,12.670193988276763,0.6142957438496118,14.95236685634116,96
M2_all_kraken,All cleaned Kraken descriptors,SPhos,16.165299798658296,13.10408866101963,-1.9067210383987414,15.014096228908455,96
M2_all_kraken,All cleaned Kraken descriptors,XPhos,15.129622324440383,11.627948203786007,-4.115777455030208,14.990582335916093,96
M3_pc_top3_each,Top 3 loading descriptors from PC1-PC4,AmPhos,13.43980053916051,10.38958858129607,-1.297658890752732,13.416721952981419,96
M3_pc_top3_each,Top 3 loading descriptors from PC1-PC4,CataCXium A,14.259849610041718,10.651361142005221,1.3203628316868599,12.936615534460602,96
M3_pc_top3_each,Top 3 loading descriptors from PC1-PC4,P(Cy)3,13.918411445098549,11.314172233771332,1.8274946522461093,12.922209096167528,96
M3_pc_top3_each,Top 3 loading descriptors from PC1-PC4,P(Ph)3,10.263657594463101,7.88781871532379,1.4155731411473955,13.11632960876026,96
M3_pc_top3_each,Top 3 loading descriptors from PC1-PC4,P(o-Tol)3,11.517126537864533,9.142819704112561,0.28064003246609476,13.065069658070298,96
M3_pc_top3_each,Top 3 loading descriptors from PC1-PC4,P(tBu)3,13.864217289460527,11.313518842372043,0.19820012464688444,13.741818031494176,96
M3_pc_top3_each,Top 3 loading descriptors from PC1-PC4,SPhos,13.227915582047396,10.500673359560329,-2.278617101851248,13.341531069404985,96
M3_pc_top3_each,Top 3 loading descriptors from PC1-PC4,XPhos,13.558965515405724,10.734825165473,-3.7849868417991406,13.714358595711474,96
M4_pc_scores,PC1-PC4 scores,AmPhos,12.726554061602704,9.957447923620807,-0.9005577353081508,13.868592814059454,96
M4_pc_scores,PC1-PC4 scores,CataCXium A,14.566794428849954,11.298408584870755,1.2872911441898263,12.67347953686641,96
M4_pc_scores,PC1-PC4 scores,P(Cy)3,12.95222350103646,10.505604220446374,1.3569544146805874,13.409995510780332,96
M4_pc_scores,PC1-PC4 scores,P(Ph)3,10.922817294076605,8.19498150098455,1.022193170097476,13.681422728818651,96
M4_pc_scores,PC1-PC4 scores,P(o-Tol)3,12.728866021272358,10.163931099215327,0.3961046841955696,12.704673888540883,96
M4_pc_scores,PC1-PC4 scores,P(tBu)3,13.732292639337862,11.01967101817507,0.07515795684575376,14.698438356424314,96
M4_pc_scores,PC1-PC4 scores,SPhos,11.402285589849441,8.999106172848187,-2.481369769725386,13.597569162943586,96
M4_pc_scores,PC1-PC4 scores,XPhos,12.279964941942275,9.713203051356999,-3.3898973949223863,14.210371432020303,96
M5_ligand_onehot,Ligand identity one-hot baseline,AmPhos,10.556415701112298,7.8666607511773785,-1.1205057548906094,12.80683394728402,96
M5_ligand_onehot,Ligand identity one-hot baseline,CataCXium A,12.704881339145906,9.528460468432305,1.1017277382001265,12.903311721262552,96
M5_ligand_onehot,Ligand identity one-hot baseline,P(Cy)3,11.896450208684847,9.788997758862662,0.4681705062702271,12.796695073791774,96
M5_ligand_onehot,Ligand identity one-hot baseline,P(Ph)3,11.054321136027221,8.618636150947532,1.9405207710029249,12.861017219665166,96
M5_ligand_onehot,Ligand identity one-hot baseline,P(o-Tol)3,10.773022625714235,8.744784670956319,-0.3753700997768366,12.909899237742062,96
M5_ligand_onehot,Ligand identity one-hot baseline,P(tBu)3,13.902189563584086,11.135818298026985,-0.06688961671564976,12.962243647074702,96
M5_ligand_onehot,Ligand identity one-hot baseline,SPhos,12.766735582856919,10.165434789542287,-1.6165973162318894,12.97392867846776,96
M5_ligand_onehot,Ligand identity one-hot baseline,XPhos,15.127992405966616,11.631785013704329,-3.546498354999501,12.985983978461439,96
