model,label,substrate_pair,rmse,mae,bias,mean_predictive_std,n
M0_vbur_vmin,%Vbur(min) + Vmin,1a_2a,20.180185146424005,14.656842648044782,1.217492007695118,14.662703806091173,64
M0_vbur_vmin,%Vbur(min) + Vmin,1a_2b,19.886942611176238,16.238301910305,-1.7879004583877203,14.552773652683474,64
M0_vbur_vmin,%Vbur(min) + Vmin,1a_2c,8.29649193107104,6.127398699363917,1.8840842178373098,14.63994270222156,64
M0_vbur_vmin,%Vbur(min) + Vmin,1b_2a,14.421904378373597,11.861940791511849,1.0165592620427562,14.65110915351952,64
M0_vbur_vmin,%Vbur(min) + Vmin,1b_2b,12.569632270772704,10.593360308054146,-0.007640557994300412,14.64745417948925,64
M0_vbur_vmin,%Vbur(min) + Vmin,1b_2c,10.567993170216303,7.987643461935702,-0.12009053448989163,14.625044249446418,64
M0_vbur_vmin,%Vbur(min) + Vmin,1c_2a,14.441611010560974,11.036180963884988,-2.5535352657245505,14.571573990294809,64
M0_vbur_vmin,%Vbur(min) + Vmin,1c_2b,15.94984066408615,12.570590676300286,1.206523113668241,14.59024369327847,64
M0_vbur_vmin,%Vbur(min) + Vmin,1c_2c,11.596894988847291,8.83109210588398,1.5652406519350552,14.623152769700312,64
M0_vbur_vmin,%Vbur(min) + Vmin,1d_2a,12.958425214892765,9.710493428974488,-2.8649415300565533,14.74869048173921,64
M0_vbur_vmin,%Vbur(min) + Vmin,1d_2b,11.540237909199154,8.3262198427762,0.7397543078725533,14.529876130600993,64
M0_vbur_vmin,%Vbur(min) + Vmin,1d_2c,11.569199630718005,9.363704978592372,-2.4562174707376085,14.593693112661509,64
M1_interpretable_5,Five interpretable Kraken descriptors,1a_2a,11.478404356760734,8.865454755139224,-1.0473332192413787,12.903947948392887,64
M1_interpretable_5,Five interpretable Kraken descriptors,1a_2b,13.493105044560266,11.506911432415723,-2.271063033782326,13.066490656928945,64
M1_interpretable_5,Five interpretable Kraken descriptors,1a_2c,8.314831250504136,6.601726135715566,1.2555462143757021,12.957538507168707,64
M1_interpretable_5,Five interpretable Kraken descriptors,1b_2a,12.82680027358981,10.375262609836591,0.27219833886782846,13.018268151334096,64
M1_interpretable_5,Five interpretable Kraken descriptors,1b_2b,13.372851060631863,10.68735941524369,-1.65572881750753,13.05890644798084,64
M1_interpretable_5,Five interpretable Kraken descriptors,1b_2c,12.579389004109004,9.158045975604637,-0.6929874667925621,12.980543329836957,64
M1_interpretable_5,Five interpretable Kraken descriptors,1c_2a,13.630004432135763,10.563712387517565,-1.171202406051562,12.990769441983243,64
M1_interpretable_5,Five interpretable Kraken descriptors,1c_2b,14.44052692900358,11.162761844569644,1.9729160356510607,12.922765613676964,64
M1_interpretable_5,Five interpretable Kraken descriptors,1c_2c,11.934433904442631,9.28268181041851,0.9348824902853234,13.057919076839955,64
M1_interpretable_5,Five interpretable Kraken descriptors,1d_2a,12.171833747701646,9.127983397369018,-1.0110495354693638,13.142139587929371,64
M1_interpretable_5,Five interpretable Kraken descriptors,1d_2b,11.212860806913195,8.83753581835667,1.656629970359721,12.964244124154119,64
M1_interpretable_5,Five interpretable Kraken descriptors,1d_2c,13.212935503046936,10.790693043897301,-4.263747710552522,13.04417092812912,64
M2_all_kraken,All cleaned Kraken descriptors,1a_2a,15.328632183337078,12.51298637774078,1.8802027266129833,14.691797957533026,64
M2_all_kraken,All cleaned Kraken descriptors,1a_2b,15.966798289469606,13.373468081155437,-1.0014913888269574,14.863138106635722,64
M2_all_kraken,All cleaned Kraken descriptors,1a_2c,9.497600293230727,7.620608750056296,2.4934558534714184,14.770437617667406,64
M2_all_kraken,All cleaned Kraken descriptors,1b_2a,14.93390792416912,11.793362368543901,-1.0811967629786845,14.901088524279162,64
M2_all_kraken,All cleaned Kraken descriptors,1b_2b,14.817821766829054,11.67177174551265,-1.3379841167943387,14.979286353061543,64
M2_all_kraken,All cleaned Kraken descriptors,1b_2c,12.705225634992583,9.385801912025219,1.3297905857281278,14.788170545524641,64
M2_all_kraken,All cleaned Kraken descriptors,1c_2a,17.145449478018392,14.003086081918372,-0.8854549814544574,14.861849098510625,64
M2_all_kraken,All cleaned Kraken descriptors,1c_2b,16.09544378559617,13.457354764042046,1.4047092546355113,14.754756052722557,64
M2_all_kraken,All cleaned Kraken descriptors,1c_2c,13.475695950483933,11.151310599669378,3.561836215559998,14.717892216931494,64
M2_all_kraken,All cleaned Kraken descriptors,1d_2a,13.764627991961277,10.883358967447247,-2.273587156099683,14.927305345995533,64
M2_all_kraken,All cleaned Kraken descriptors,1d_2b,14.38992784360106,11.5293209474648,-1.053294952291091,14.99450140149605,64
M2_all_kraken,All cleaned Kraken descriptors,1d_2c,16.248203332808725,13.39528621125918,-2.0734692088502062,14.796798276012815,64
M3_pc_top3_each,Top 3 loading descriptors from PC1-PC4,1a_2a,12.733324935457892,9.897291313669923,-0.13234201437189813,13.190494771147106,64
M3_pc_top3_each,Top 3 loading descriptors from PC1-PC4,1a_2b,14.574867952772015,12.359619245397132,-2.9813636104421755,13.297238163900017,64
M3_pc_top3_each,Top 3 loading descriptors from PC1-PC4,1a_2c,8.840816831047567,6.9275386615983265,1.0705375993029986,13.228056975014688,64
M3_pc_top3_each,Top 3 loading descriptors from PC1-PC4,1b_2a,13.842050512208797,10.977068931006098,-0.02229942984653488,13.318715500980012,64
M3_pc_top3_each,Top 3 loading descriptors from PC1-PC4,1b_2b,12.987889731062236,10.42784683565332,-1.2111383327735703,13.326735849540302,64
M3_pc_top3_each,Top 3 loading descriptors from PC1-PC4,1b_2c,12.886914661678269,9.55712548004063,-0.14391636889068285,13.28330059132082,64
M3_pc_top3_each,Top 3 loading descriptors from PC1-PC4,1c_2a,14.419846633301878,11.500379098182123,-0.573478899174926,13.297426661763254,64
M3_pc_top3_each,Top 3 loading descriptors from PC1-PC4,1c_2b,14.796295243976973,11.796531344894003,2.248257126477819,13.256656266323441,64
M3_pc_top3_each,Top 3 loading descriptors from PC1-PC4,1c_2c,12.490257984517276,9.75316171189774,2.243818116535357,13.22741329806458,64
M3_pc_top3_each,Top 3 loading descriptors from PC1-PC4,1d_2a,12.392704270310167,9.227274065796971,-0.9965327991688845,13.34648283993197,64
M3_pc_top3_each,Top 3 loading descriptors from PC1-PC4,1d_2b,12.058811783439914,9.337113009496619,1.5050775843766533,13.322902049148087,64
M3_pc_top3_each,Top 3 loading descriptors from PC1-PC4,1d_2c,13.752566809954889,11.141216918238639,-4.48510705033882,13.286557353441838,64
M4_pc_scores,PC1-PC4 scores,1a_2a,13.245523961574428,10.500037860873157,-1.2671883238701198,13.53341885422618,64
M4_pc_scores,PC1-PC4 scores,1a_2b,13.506191511168225,11.485239632532995,-2.5251241220363037,13.598576250487305,64
M4_pc_scores,PC1-PC4 scores,1a_2c,9.117975053399462,7.248326174854642,0.9005509487681033,13.557209798753933,64
M4_pc_scores,PC1-PC4 scores,1b_2a,14.190246408539366,12.180040214452648,1.2150910702499582,13.56262038441676,64
M4_pc_scores,PC1-PC4 scores,1b_2b,14.107122146726523,11.185683856864618,-1.7120970086095166,13.715707731375678,64
M4_pc_scores,PC1-PC4 scores,1b_2c,11.94770966996197,8.903216819662736,-0.22261349227760777,13.620535463183618,64
M4_pc_scores,PC1-PC4 scores,1c_2a,13.622553241910675,10.476714854912688,-1.1700960988285485,13.633383255478499,64
M4_pc_scores,PC1-PC4 scores,1c_2b,14.905645416360674,11.653024890670023,2.4989626992311464,13.56268712267576,64
M4_pc_scores,PC1-PC4 scores,1c_2c,12.393936452383521,9.895121852067355,1.8337365653458946,13.568613393550256,64
M4_pc_scores,PC1-PC4 scores,1d_2a,11.363050120103987,7.880434242125903,-0.5859169967414304,13.708964719018391,64
M4_pc_scores,PC1-PC4 scores,1d_2b,10.598180348653164,7.999428495588813,1.3901862477793177,13.556060440110762,64
M4_pc_scores,PC1-PC4 scores,1d_2c,12.329997123084782,10.37126146267152,-4.30667678393096,13.649037732403754,64
M5_ligand_onehot,Ligand identity one-hot baseline,1a_2a,13.731889120277298,10.722707526104728,0.4369068567173144,12.903418973875434,64
M5_ligand_onehot,Ligand identity one-hot baseline,1a_2b,16.26766201148642,13.038957547150787,-2.9865495027112217,12.808740212202785,64
M5_ligand_onehot,Ligand identity one-hot baseline,1a_2c,8.486373960126551,6.691792260088033,0.6554884864078351,12.892781203735016,64
M5_ligand_onehot,Ligand identity one-hot baseline,1b_2a,12.587652711990971,10.235044611016534,0.42824103978802297,12.938131749257867,64
M5_ligand_onehot,Ligand identity one-hot baseline,1b_2b,12.002860562395004,9.814569138654166,-1.737863569100973,12.972206677255938,64
M5_ligand_onehot,Ligand identity one-hot baseline,1b_2c,11.711446646252192,9.048809722242781,-1.05060625009114,12.835114068308126,64
M5_ligand_onehot,Ligand identity one-hot baseline,1c_2a,13.399133831731197,10.323421011490167,-2.1138949374546847,12.899631246064803,64
M5_ligand_onehot,Ligand identity one-hot baseline,1c_2b,14.325554845813514,11.535980958567938,1.839245009046158,12.828247805412877,64
M5_ligand_onehot,Ligand identity one-hot baseline,1c_2c,12.234472289109645,9.746543756296902,2.577181960852648,12.83671039504235,64
M5_ligand_onehot,Ligand identity one-hot baseline,1d_2a,11.552528324849376,8.511628708573003,-1.4052030938186872,13.099609421544779,64
M5_ligand_onehot,Ligand identity one-hot baseline,1d_2b,10.98023051393107,8.289013811724438,0.7195333499620159,12.864419105673912,64
M5_ligand_onehot,Ligand identity one-hot baseline,1d_2c,10.161805177034399,8.262397800565218,-2.1856425403090998,12.920859397250327,64
