kraken_id,PC1,PC2,PC3,PC4
1,11.146998953760388,-0.575410975371443,7.39038326257337,-4.352124812605922
2,8.705594072011285,-1.6618377687302301,6.162983947914771,-3.9391943993494567
3,7.006813197662966,-1.658448254426172,4.49707991274648,-3.3972137658086545
4,10.698928465854003,0.20392979412805567,7.1714575941781105,-4.241834033844005
5,5.1175834568096965,-2.393662220214597,5.963274299938826,-3.6149936374367484
6,1.85373175430537,-10.546650556149928,-3.2551155043434923,-0.0816416220281384
7,6.261724495417559,0.056496416786801146,1.6852478684494663,-3.0429857601882238
8,-6.091458887794986,-11.179053023746818,-0.03870290193789424,0.10044910240979239
9,0.538039767028834,-6.097161192770814,-0.6078551399960854,-0.776293531821131
10,0.984011840832637,-6.126130679292403,1.0541531662811179,-2.46039351934221
11,-2.0577163566128336,-4.84134394206855,2.4600248740584187,-3.796705794681937
12,-3.706772841681739,-10.62909391659964,0.30622424362730927,1.1817666370670599
13,-3.539777120442303,-4.934252020561567,-4.140122298249622,-0.7033521812322882
14,-9.13013286599909,-7.983790395515969,0.30061138576128005,-1.391430196378562
15,1.614998073263156,-2.4578836730028084,-2.8983186961281007,-0.8726101495217639
16,-0.43010237635622117,0.22097437686158442,-8.665493282988656,1.0330508324404413
17,-4.4889530459413285,-4.627735214860384,-4.33981927534688,-1.8254933764475707
18,-2.4104952628062275,-3.7556303225853234,-5.720871169253421,-1.974045598399376
19,-2.0068903290289146,-0.6414272005191481,-1.8949156042448088,-2.487463277244667
20,-4.115522570680527,-0.36843281811685136,6.6529045307186,-6.381258795032053
21,-12.2173154352282,-4.226806644489343,1.9206402760112498,-4.102262634024784
22,-17.089297484791256,-4.771192248140456,0.19140360367871476,-4.380912307515422
23,2.9636313524940445,0.47937758681430936,-3.676743817084239,-2.3778091538399453
24,7.776262337377571,1.201685336305789,1.8840615006104253,-3.4752766259857832
25,9.704415185452891,0.2760923367458285,3.728402252706579,-3.269677788388435
26,10.040598187297157,3.1849735109055333,-0.8337502952795988,-0.9015378206448469
27,8.393674192616157,-2.420770780312481,3.3388881909130537,-1.6933769384241593
28,8.7393570753257,4.095327395678862,-1.039826126958794,-1.5962054363448863
29,13.352823759527139,3.35937598555188,-0.18951318255742652,-0.5585799767212741
30,-3.3788720854947134,-8.493211716398271,0.45165398776921717,-1.0352387617375058
31,-3.2152265526674455,-8.42295952997209,-1.977345807158048,0.40757960814636257
32,-2.509268735775509,-6.557996668359591,2.3032721752811542,-2.5994222165416865
33,13.12845204263836,3.5448712329801904,0.9915081954711168,-0.9109099329347248
34,12.36821748018416,5.584003939407174,1.2937398482750255,-2.041791463833124
35,12.682937208972827,4.907314068070146,-0.2575025845245496,-1.3169080956231727
36,7.992198453271277,-11.111495474948235,-0.3353650847308409,8.98078563697008
37,6.926986236597359,-11.618289318355165,0.6592646725887942,7.114078427117827
38,6.583922125522182,-2.6998330607039747,3.872069744885137,-2.7477636054629344
39,6.855432102116755,-3.043435522506039,3.553992567713448,-2.254145136461903
40,-3.6154168881793782,-0.6621051252641561,-3.5079823831527155,-2.0115177908481274
41,3.278336500514796,2.69503381341119,5.184044173353217,-3.0796477525504087
42,4.218527056323835,-7.505771054805646,4.163774286674385,-0.7292274920631797
43,1.894786796939826,-1.393839990598488,4.100225930653413,-0.7276431411670812
44,4.319327395058708,-1.2507990593754232,6.29797343728757,-3.8248925127161226
45,-1.1878479067179348,-0.12241859853510058,4.43918828255378,-4.15013801187888
46,2.080143667942694,-0.6389052047213317,6.375966885264931,-3.8193602412036114
47,1.1446232104570921,-1.6365561994944433,5.057021174840567,-3.3959595868978654
48,2.3373698236511142,1.0420179397118725,7.541628784076712,-4.839298298541056
49,21.36766070607552,-25.79093150376277,0.5725240778878561,20.064493616206345
50,10.220785019510725,-1.213279514880692,-3.2887081016700788,1.0009184204499233
51,17.287871464958158,-27.682904497390204,2.3415097898861537,20.368207475646866
52,7.911370918078756,-10.834385980928255,-4.286431990379369,4.195339763144733
53,6.208314512486862,-6.314710990219977,-1.3623849738530498,0.6786096531166363
54,-6.761762015672802,-1.3027938105831751,-2.848524601971529,-1.9970096564627613
55,10.180701939969007,-0.3593676987203925,0.9311046259274013,-0.06561781282451686
56,4.93224412460108,-0.653706213784061,-2.740023560154236,-0.341383560033084
57,-2.3999680373738492,-2.5719838867509734,2.7514625416456306,0.871807884284747
58,0.6680013721156677,-5.412129441177403,2.7804430208529842,1.8257968671093503
59,-5.644882720958198,-2.695386776897306,0.25272955823888305,1.3660061621699104
60,5.883913977342271,-14.470627022658427,-3.328315068459847,3.8689060646733267
61,-3.7803872397369838,-3.4832219667116457,-4.979232406140824,-0.8583259302875522
62,-0.2357096890171598,-0.07114320130617754,-5.613581579821224,-1.924744155391892
63,5.564972744281069,-6.6661597635842345,3.660059486261329,0.7028150170525594
64,1.4149396199027084,-5.592595628687221,0.4840149432569774,-1.2938191425017707
65,-0.04405680416874113,-0.18027923410920174,1.806666188204217,-2.455704579243587
66,-4.417817871991118,-3.205811940339064,3.6966724039537606,-4.540426913934505
67,-0.5284855876805035,-3.448812362385424,1.52283966751475,-3.1475080221871177
68,-1.7111553983629264,-3.154203812405115,0.6659475997624081,-3.2123166642268304
69,1.9286207217381353,-0.15253930449320166,-2.093047829651521,-2.4144615292915352
70,-4.373741360621429,-3.643691472415667,4.352865240304319,-4.377134615892672
71,-0.7817342746512137,-5.183980729931762,-4.812703659361362,1.5285288967885158
72,-7.549316005230968,-1.7639187798796347,-0.7711717744705142,-3.5978057931754974
73,-5.98265100647654,-2.478720429738839,-3.2651532036855637,-2.241046632555424
74,4.354617518713058,5.421014983422579,4.177571520686779,-5.148663969700771
75,-2.2612511618672246,8.071310813800068,3.4461871720565025,2.8525065062141683
76,9.544338949010747,1.369771491774845,3.819986270683073,-3.5366797389631217
77,-5.231578807180726,-3.4968357687200413,-0.24388185218755978,-2.297342846204327
78,-7.379613255460956,-7.53496195816329,2.311709188147486,-1.9157843344739105
79,-8.432917787330725,-5.906174058770902,3.120187343020101,-3.4099155815891073
80,-9.187157317848689,-1.938623808541743,-1.8099079621127263,-3.3033782321258314
81,-6.770200324093471,-2.598271702874591,-3.5654766133816955,-2.2829351157370357
82,-2.0221021432552333,-2.898084831495998,-4.3625453146774404,-2.363530082733827
83,-7.761228142146178,-2.4137469215139005,4.871505327480193,-5.375929290152006
84,-4.682904736250665,-1.6820127331802126,-1.7333205434555108,-2.636960633312839
85,-4.797012440465953,-3.0408381570011733,-2.609604726449526,-1.9360977973505782
86,-2.2986974582572697,-3.198459515800102,-5.464192478777431,-1.7660145900492124
87,-7.560415689459106,-8.462579708919659,1.219299142151215,-1.3598140052843113
88,-3.7094615503238444,-6.532981405964682,3.425804214040064,-2.6222073247242728
89,13.050494119547714,-6.00420162203092,2.502824021646657,2.8251433870068876
90,9.310977747863888,-11.242960932649458,1.772590851486448,8.074358953264483
91,7.201970036131046,-6.25350028534241,4.144605299389756,-0.8872756250956688
92,7.099128331519146,-11.366378463842391,1.0074475508351546,7.910703281317723
93,2.938851512000797,0.44778562662105326,7.757744657520262,-4.041203666423059
94,2.054004543368859,0.20324164213944398,4.833537650486057,-1.6634734608762798
95,-4.816864443534693,-1.1037254871039353,-2.600497664898948,-2.30933064622464
99,0.09639593234371968,-3.7589383804239027,-1.1432614369339815,11.374254777967328
100,3.4906170863645287,-3.029411032136068,-0.12082551870764141,11.6806053260872
101,5.464375543270609,4.034924682819816,3.2959976426757964,1.8132218363179031
102,13.894359930232214,-0.01776407782889985,4.626442886336765,-2.2073180602339004
103,12.675582882162685,-5.662039480673921,3.9990455891461387,1.9342523268315297
104,16.434333809797756,4.4241559016659595,-2.1307549316592693,1.3480356772061215
105,9.461589564658057,3.7306044154407156,1.9847528476643952,5.094461098659504
106,8.682478341570388,3.7867545094426633,2.4610549728547673,4.490160153267727
107,-0.9984695048884566,-5.94832036597617,2.578112371639391,-1.5954142394313682
108,4.128034888432638,-15.387889539869214,-2.0958063144097645,4.103374389615035
109,2.247546205227378,-2.411052997888425,5.499556408864013,-3.253162170122914
110,-3.7738566461841963,-10.801216206701369,-4.744162594577529,-7.296514716448299
111,7.701709818779188,-1.6210617209254699,6.72119265522305,-1.9611136663409576
113,7.62340970522027,-8.246270007481682,4.563496600800296,2.725871967041085
114,-3.669454721753432,-2.9688087356299118,-5.641975397074255,-1.173931639112036
115,-0.6328245801287967,2.823132077156086,-11.377773143759041,0.7827532505597903
116,-0.4736188122886312,-1.5144085415962723,-7.155666809710952,-0.9400315401644722
117,-3.3371114342973542,-3.800032108930694,-5.007567593256418,-1.7273051572886302
118,-2.962951010590096,-2.8385525100428666,-5.8397050925001945,-1.197424868570825
119,6.336183869672386,-3.6128907873447274,1.1893078230971497,5.461198574577418
120,4.855923190665112,-0.3715401645073072,-5.588973838101872,2.3078923701528673
121,8.33698180428313,-3.5325461256216224,0.5593455584374053,6.316954786785251
122,-0.20723669091076094,-1.4200838721868707,-6.17033681253064,-1.5114194371900385
123,-0.183222020871503,-4.009719527586476,-4.420382751576634,3.8229639986399078
124,-16.44889845077102,-1.757048326383895,-0.23813093327504273,-0.8734040114466406
125,-0.23007246726472763,-1.9735586361245814,-6.208560435707418,2.2553000425502745
126,-2.605504181007062,-3.3615072213960744,-5.384612166752793,-0.8878709938788734
127,1.4619698134315673,-6.8812064840793905,-3.6397604967789747,1.8315031271055209
128,-9.805169719408928,-5.633890802462076,1.16824506380514,2.262154671452836
129,-5.023326227555243,-2.56000931962178,-1.7403539280257951,0.06112923244104066
130,-2.0632802361681244,-3.29199748941141,-3.45830955806116,-1.5043325373045937
131,-1.9298992707547211,-1.9540488367189093,-5.648510082298938,-1.4360659220203007
132,-3.541772289118284,-2.3877445354964837,-5.258117252209839,-1.2479068477454323
133,-2.763848556809577,-0.38199166707208676,-5.533760728091349,-0.765188317680809
134,-1.0277964152214267,1.6152214889654044,0.8100108707254907,-4.131517793263105
135,-5.642862021226923,-2.3601038814929045,-2.8262198850643347,-1.9163438520908131
136,-11.900165980437684,-2.8877040779580825,0.6880718156818241,-4.010232362752363
137,-2.874801735324524,8.61622442324208,2.740582032913461,-2.033706631818819
138,-6.775553272116296,0.09681286879981296,-1.6351584054971455,1.3887702404793798
139,-5.32252554498304,0.19446017078362307,-0.3934498722350496,0.8446974196063481
140,-4.028241432656672,-0.2763861280946503,0.013352425221828544,0.7534136719429988
141,-3.170382544351206,2.4744709386211934,-0.3962882512525193,1.086696725078316
142,-2.303359683497978,2.533196530571659,-0.9771462307822397,2.3151057479878485
143,-8.82078140483582,2.4320109454750773,1.798057395276489,2.463904705581143
144,-7.28935394591952,1.801683700885133,1.3167542871647164,2.3685674712320273
145,-2.291618473056671,4.327233880932408,0.875829985748994,4.03782044355525
146,-2.5525732474377825,4.586449619958326,5.378346396722337,0.6728656275565699
147,-15.396598544445723,1.8939367765724637,4.51951945839132,3.1818436894070667
148,-11.400718405265867,2.291308068717466,3.851772424683995,2.5112669184056116
149,-7.905976766689535,2.6695496080679266,6.72192125819369,2.1314492802185665
150,-4.752142419293466,6.715189938318463,8.181254403737093,0.12868279048450312
151,-2.4176909678639786,10.806174653123241,10.236141670462349,3.7817118384950934
152,0.09914645095684307,10.820473640669638,3.9652528782416403,2.8285276546070146
153,5.4256767527109,23.990476054506697,-6.169646789697157,7.703332133587068
154,-3.3840599180312005,0.47725567436830707,-2.425394599898213,-2.116772231259087
155,-0.46743606612870414,-1.6507877354471585,-5.970480131026449,-1.5276887082246244
156,-17.433384257738652,2.8115252971251445,-1.460021716093075,-3.9311280686068897
157,4.669850653710214,0.39187889676408166,-3.7337697957602187,-3.1028543358660405
158,5.724914628822621,0.11105244803474418,-3.214828879465811,-3.0095605534719856
159,14.057381611609038,5.85800718478797,-1.8414673675817619,-4.567630713869672
160,-3.330732689778186,-2.438110621218344,0.7967320924595038,-3.3224727159984284
161,-3.4162221363150977,-2.1999383799012433,-1.1179993936207426,-2.690722903371758
162,-2.3088366226836134,-2.0197216525770223,-0.5067903179352433,-2.839244945669021
163,3.4653729604894563,-7.14339233544472,-0.3254413791500431,0.6464065422921272
164,3.5690714347485737,0.42975871488787587,-3.097640167869741,-3.169409581115072
165,-0.7130659265313813,-1.4415512566080957,-3.058187295900797,-2.682403961126961
166,1.7147219129563116,2.8479701788610883,-5.287412514585734,-0.07337706901120607
167,-1.6043269581864794,-0.3806221130380702,0.6612399317650219,-3.757502180352319
168,1.2351218140154614,2.4476060684175716,-2.9302388426781483,-2.107821808020435
169,4.936081627734598,-1.6842054979727707,-4.970551962614336,-1.351615248652303
170,6.151231473993747,1.9325692646758859,-1.2089635016359543,-4.032669597224772
171,14.813506302596572,4.372179792321099,-2.782124049683231,-4.195639548773001
172,15.353561014831659,6.5899020714239285,-0.015220862999942112,-4.840359463324997
173,15.888189427912444,6.647295906092699,0.47829291313585964,-4.5492468346431885
174,12.31808410384937,4.446632217130984,-3.9400872014279567,-3.2974393380218796
175,-1.0487454008401476,-0.031539379268957266,-0.324608516004047,-2.8509442719213447
176,16.679430234161803,6.184423200895993,-1.461116868668775,-3.83115097325886
177,5.139980739148814,-2.2834618652755387,-0.0961612133054903,-0.9165876690771779
178,13.584068149895193,8.350027765743336,-2.9582388161482047,-4.301874225942971
179,0.35162954568058535,-3.704946884519005,1.1670682077211156,-2.4270623290072137
180,5.105905290372015,-1.1507473094311698,0.06294016831359678,-3.254755361265493
181,3.2375026078395495,-0.6083014665123492,-5.347047613509569,-2.213412254425018
182,5.657705006032181,-0.0023454819837846626,-4.835923674978492,-2.265213680978202
183,20.526360642904095,6.420369161171549,-6.544320129308033,-2.285009629273778
184,11.955794934284187,4.161459594069772,-4.939774329009408,-3.109928974839493
185,4.455470507032686,2.2486918802290528,-6.0942549742051515,-2.363974449928643
186,18.455099677843787,6.448793381804693,-7.976777983456694,-3.2154596750987197
187,3.5263333725646118,-1.5904839307041323,-7.081894093513205,-2.199537558885768
188,-1.3281485019563821,-0.21949754496528945,3.2854468583436005,-4.388123050017329
189,0.3235176683489706,-0.27792714870476887,3.816872869456435,-4.182831963301542
190,-0.6452548838503621,-0.30600700239119105,0.5399544228683851,-3.912523735579836
191,10.035361781230451,9.962411356026955,4.416274769050394,3.0588078704503765
192,4.9897253689102765,-8.283172717849252,-2.814787774941151,1.6421131999230751
193,8.160245718649444,-16.000956388614664,-3.688644040684996,4.362900671342332
194,2.701719435400138,-9.020190635548218,-3.4956989675857035,1.497216820718292
195,2.181766526438389,-5.1424162007809295,-1.8001392845378883,-0.6507558491625818
196,2.3773462971799244,-5.413470206637441,-1.8099084907561982,-0.8868245720254228
197,-0.38779920620845576,-2.2497767310223074,-5.442939855532982,-2.405739102152905
198,2.760854995921095,-5.328160057433537,-1.4759191211863443,-0.8011735174396162
199,-0.37625828416044016,-3.7924219003269615,-6.361747701811643,-1.9536451845625236
200,4.128981428014102,-4.767590116975254,-2.4181676551363998,-0.9345594757775874
201,5.687497154206291,-5.499655514478927,-3.0559171368067366,-0.8328150442178217
202,1.6101340055696625,-3.51632036558731,-2.6159122539766946,-2.187761684156234
203,0.27363524130529143,-7.560772614370598,-2.9084114842939783,1.791656536693987
204,1.4373517451433,-9.586921885589984,-2.806367695884251,1.6949034325828176
205,-5.063472878223486,-3.653894800283294,-4.037959696754788,-1.862266988080785
206,-0.6581244754440067,-2.283462989659762,-6.35970564831883,-0.22457575573170951
207,-6.283192146452718,-2.825908103790649,-3.8057093273505247,-1.345941629002738
208,-4.134841598628368,-1.8671036147481477,-5.5478249884645585,-1.196080729276726
209,-3.0454168917979176,-0.1021363632096488,-2.243849087327668,-3.251626881212924
210,-5.037335036456067,-2.7631618297519727,-5.265683147829734,-1.38592546600889
211,-6.002672729369825,-1.683581900122198,-4.413542858602986,-2.680779112188732
212,2.5017918910326897,-1.816483343876913,0.2425008403780204,-2.532817725894509
213,4.5682249760228615,-3.045095664561229,5.853641673908373,-3.576783708593199
214,3.8669189136263196,-10.620557693338405,2.1048998527278964,3.8886121280243757
215,7.42617429141746,-6.420388790783472,3.996064305754558,-0.44870683413354573
216,0.4604055271280705,-5.307329250205131,-4.856794245037202,0.9311324436120914
217,2.0438207625921714,5.473286843258127,1.7998998347367812,-6.002875023196039
218,0.18182983080005427,4.544661760528495,1.0009770955758366,-5.273039446105774
219,-3.354525264877834,-1.8727451029462463,-5.009715028680545,-1.3410205188244468
220,-2.879282796352808,1.247163709593983,-7.3058515937219335,-0.18607166382746274
221,-4.0957622577001045,-3.2061968684145734,-3.0830024443953303,-1.8515909544827347
222,2.7915123849548875,3.7830709110620835,-0.8732102298409676,-3.44310131846791
223,-1.7911716708674763,2.76967694275616,-6.004314273569711,-0.1227555246902803
224,-3.1067552101295,-1.2086695627657826,-5.108756169377382,-1.0879741312070519
225,-6.444278555037916,2.2046948796517496,-3.829976246136463,-3.1707542916875187
226,-2.624772176107388,-3.7574538574013725,-3.079049340001689,-0.10217050026129655
227,-0.2850914435202756,-2.99062201997027,-2.8467871603069854,0.5072678359282053
228,1.9318683185541807,6.463361689361731,5.180458838597692,-5.402705858443338
229,-0.04570844800775341,-2.681761211216641,-2.3817116522901305,-1.2551324602022178
230,-2.6632420544684683,-0.5909204780091106,-5.899115104883202,-0.39270623269553
231,-0.7826774475018107,-0.07251987840504995,-6.146033802064064,-1.438855517138685
232,1.6698655753457712,-0.5370703429339924,-8.385260521195573,1.4017123486471204
233,-1.2629196915700416,-0.17318729524187457,-5.2869537847875865,-1.1305517720129075
234,-0.00045081062945909975,-1.308396343644599,-6.4260226531614695,3.417652219064198
235,5.8400184517223535,-6.020678107569671,-0.5913191885588543,9.513765462839931
236,-5.180628481156819,-3.079094811019025,-3.1136374140822403,-1.6989378668580803
237,13.38637512303973,6.804282452637112,1.5678968598811325,-1.4655256460285162
238,-2.9214708270473864,1.9676793285161636,1.4027025715125307,-0.2516124335674497
239,9.121269476243782,5.865753853075978,16.756644636851703,-9.553412600782229
240,2.5628032350610024,0.09042582877536318,-5.993271207452273,-2.1126218421814156
241,-5.448824485130687,-1.0553605998632773,1.5165679454051038,-4.342170120868014
242,-2.8165608339992763,-3.1979437948479847,-4.479018592055437,-2.1221806830095447
243,-14.627992248442535,-2.9763194066072804,-0.9879277672557125,-4.95387236116999
244,3.294313529075874,8.74742463905969,0.3657278012042763,-4.8399737658774615
245,6.516543702396816,5.478793312794801,-0.08561119371598393,1.2145145071778716
246,2.670480936489269,-0.149791928081114,-6.806390670338425,-1.8861430324708797
247,-5.411854983701605,-3.0095439730256786,5.147399900610713,0.209493404507576
248,-2.780018380862625,-4.9404641725619065,-5.7548845325897595,-2.995928475479939
249,-0.37421916290787627,0.34077413659736416,-3.9318741861766497,-2.214099984817261
250,9.416699876732139,1.3109236830385889,0.9938894576298359,-2.905667706306078
251,-8.262724033218115,-1.2094028431020356,3.795681176714067,-5.270276134361365
252,-4.608566351996231,-3.9690031732456643,5.956298912265775,-3.7453807783333075
253,4.5372396396916015,-3.234582951966002,-2.8611859106662227,-0.23882221689682157
254,-3.634518210674931,-10.759832350000647,-2.562731877784014,-3.3911999262673858
255,-7.159999082770388,-1.7770100726015423,-1.2067556374966346,-2.8005202696029685
256,-8.1145598239641,-0.7866988512065803,-1.1509420074120231,0.7955978007190073
257,-1.5531678567193488,-0.6043325279510293,-7.450044665679666,-0.43237612455582913
258,-5.0083142187538146,1.2820355695356398,3.0633289332170963,2.7299274289325237
259,3.582258984218171,4.332059046871625,-1.9921307227625722,-1.551324697504618
260,-1.3853907480226557,-2.5799787088275696,-2.6273015204896053,-1.1399132194269588
261,4.420790881393746,3.092805825683246,-7.313222566532264,-1.866427511974386
262,4.3494171341211505,0.21795235108177424,-5.292547162861077,-1.6127568952570968
263,7.481329550955937,-1.3791343455720138,7.045308983412725,-3.903944216028121
264,3.527598640012115,6.330824476997309,4.262047708956504,-7.053373957573036
265,-4.0106744010452,3.504412513242585,-1.1912406953733248,-3.8822272435933285
266,-2.243923433913549,-4.301745931366027,-2.64583562704815,-1.600404654307287
267,-1.3956412227153348,1.8594030439251639,-1.3288638903553358,0.9772685686928204
268,-1.702834789815008,-2.753969535461272,-2.866937881762848,-1.057483507615693
269,-3.306510060103645,-0.6695807872401077,-2.6216666669259534,3.9319729400646115
271,7.259387381689581,1.3865810317066116,8.476929545580589,-3.0072825727100114
272,-2.853030306529841,0.31738794222730127,7.5150268046979996,-3.5314143174398014
273,1.4401920243387973,2.217589869652719,-2.2541111316325537,-0.9269782219505034
274,-4.54579181187389,-8.159051202910938,2.6847293524758116,-1.7396986601239295
275,-2.8925301330411752,-2.568910997491688,-6.109229345110271,-1.148777799031079
276,9.271610465956526,-11.036186040543482,-0.2693692693603474,8.293421197508843
277,5.552091774778214,-2.76037179266873,6.508796898279189,-3.5466042638245407
278,6.04465061691996,-0.7188316563371052,3.8358485023468516,-3.6298369458652187
279,-3.174889059997569,-2.287063707930816,-5.04547872513923,-1.508278350984359
280,4.345239457490561,-7.696770519209339,3.5894977166349347,-0.23933130003090622
281,6.581230272954882,-6.1100088727926805,5.428333803817579,-1.130796441325197
282,-2.0882519991012356,-2.8504728316237227,-2.892987695272513,-1.426390924254914
284,-2.4152413332017133,-1.3824714596593732,-4.724985647108663,-1.7052192488405042
285,1.236141658284118,-4.660337969304857,-1.259594095396985,-0.9865977390873487
286,2.956128911336459,-7.031855070436601,2.527495514555098,0.19322186304063843
287,4.212197301685259,-1.502374967241107,4.183188523695694,-2.7765601015620573
288,4.591600786756159,3.4064508961545656,-7.490676111748575,-1.86729554044143
289,-4.3616221758673674,-0.2643811906108951,-3.243056463822502,1.4559641493814572
290,4.226195714979507,-2.6730731188291603,4.276275142284847,-2.613018934381031
291,14.13373333294133,-7.563223170415858,6.6787388504528815,1.6170899570048805
292,11.919007127003015,-6.530970996195605,-2.1265128618204088,9.571436670832306
293,2.4549375156973503,-0.5087754556403575,4.68932036016029,-2.3556988950246676
294,8.878694068754077,5.144548868964004,-2.163910555752837,-0.7820857222314694
295,10.241812766248426,-9.236152419773958,-0.22710838483002624,9.313461345581258
296,6.398765529458602,-9.63464734710604,-1.4005574231957705,7.266974199448465
297,-3.0152781511405,-6.859534979135166,2.7867372247516426,0.12115503798926879
298,-0.1368560433395626,-1.5399718778303952,-4.862406719458218,-0.9048840682489857
299,2.617774191665431,-11.791517871581567,0.5109507038908534,6.622024156579552
300,0.7872395123149099,1.0011833806978419,-7.838913946004318,-0.935914095748424
301,1.3081075349871962,-2.3830855708449183,3.1370912580506216,-2.1785566160979775
302,6.53103426764709,-1.0999473352973426,5.659666772426015,-3.729140086850939
303,4.152039109978537,-1.2083952063673635,-3.694557539434976,0.05179645613389017
304,7.060412489217863,-8.132571539833492,0.8651116270818638,2.248624163995148
305,-2.547297771028348,-0.2573378598714602,-5.020777597456224,-1.0115906835234754
306,7.9335516763738285,-8.007877257585895,2.7506480319125672,-0.6913832494917477
307,8.000448517215622,0.1595681656432016,4.66874072230812,1.463885833910991
308,0.4103860067913957,0.11891021806741409,3.5123027869868437,-3.1581761996317983
309,5.913305673418455,-1.5378587001646251,4.440394056321571,-1.3933003238205754
310,3.836161550688326,-11.788378672153536,1.1002805747712707,7.092990599980912
311,6.069357132021066,0.04564100557049541,5.631671227403631,-3.8280003245078826
312,0.05514287954445169,-0.02015282407877264,-3.9712137836733743,-2.3606160112107704
313,-2.7280158200129727,9.701634529389802,-1.447056639113786,2.476001113591102
314,6.669262693447567,-0.1727922602989838,3.278654639269847,-3.068901717465018
315,5.1107720964262455,-9.067840327656748,3.35832856816168,1.9706154649216892
316,6.567700411385649,-1.1251294252903783,5.131293789944619,0.6768281191639608
317,-5.217749190670241,0.6095430811265209,6.177854566558125,2.4623614282666386
318,-1.500302716681596,-2.565302034196252,6.387120644695153,0.047954837278898314
319,-3.9371618490927367,-2.9431538967364013,5.850803443014929,0.07032940629812431
320,9.157942366820372,0.6997147840843615,5.457135463984499,-3.9087440130416677
321,6.891129296635848,0.48374114031006765,2.5597733944648255,-2.7603540471797885
322,4.215727507057944,-9.708568441638192,1.6778044839739668,5.147258696703544
323,6.159796779523894,-8.287654135370158,-2.275669758281828,7.388599790439043
324,7.249794735973739,-1.949530046519286,7.114232047018286,-4.114052778468157
325,-3.0580642439719847,-3.095927751237222,-3.719790689742819,-1.079560783316295
326,11.123858405533731,1.4543855793805343,2.554086587585957,-2.5477582612236347
327,14.024202209389976,5.393885269969421,3.157837189413366,-3.4557057925511234
328,1.0369200715318745,-1.8597656275559553,0.17384011891712065,-3.245050121780538
329,8.060899967079123,0.3911660134786097,4.867397234387787,-3.7358000042668955
330,19.363228052691586,-3.659743576012416,0.9945515487988393,4.914660060092652
331,-4.789928366748856,0.8211264971859169,-2.4886710492093607,-1.719095875315339
332,12.008808011858102,1.9971134971800852,4.279088780998809,-3.334522254321474
333,9.003047159219145,1.5210847632921383,4.370421105430236,-2.9781880363353292
334,6.582172388902315,0.7099919407547894,5.939090305310015,-3.461704738462889
335,2.2894936674193884,-0.7003512230578983,-0.7180310861453939,-1.5074144439258348
336,6.35444821060483,-2.2032050409348174,3.5684425219561464,2.7969600569053883
337,9.67733544442488,0.4359808455914081,5.4264316578404355,-3.434047123195813
338,7.789501374294444,-7.457910083567317,2.706631984930763,-0.5026237609758862
339,-8.232253685152447,2.1202623556536833,-4.470470744864836,-2.8200809904228676
340,15.585123072802517,-6.535840850896099,-4.1036894378251825,9.467137071778692
341,9.320528473092269,0.20096927757719488,5.345545162962798,-3.688725307729252
342,4.890751930270648,1.6374290774126188,1.4123242307310078,-3.8164386690698793
343,3.1561163228981637,-1.9384185421717537,-0.2204611793945759,-2.2825348511387196
344,9.027490189213326,-4.16900981351988,-3.584678585133926,3.853451195565344
345,4.083659203460276,2.5330230073435596,0.6440521253062588,-2.170313186212344
346,3.124041837683473,-3.9881922929499,-3.9538072086000007,1.432718798477732
347,16.39904507574319,-5.62969143132088,1.9085827240101192,1.4717335477759315
348,6.611026680761229,-2.4798745253335515,-2.1939953283625835,1.0463007032833873
349,12.842662678595763,-5.185552665136671,6.642426748634657,-1.7677181298290352
350,10.125541921523524,-6.767187676946477,3.9010421945354867,-0.7661719464924274
351,-3.908318259575694,0.615181013293812,-3.2389467280053097,-3.276099500119837
352,6.6948364081905005,-1.7352890710304436,3.8139457020476666,-2.751935543448873
353,10.27111710462711,4.859711682599379,9.38672019260599,-6.30768553392413
354,1.616918470815603,-1.0219132087219995,-6.096521577184485,-1.9832930447208585
355,1.5083246253551081,5.666911329234147,-2.381722247497354,0.11071240168278845
356,-4.482957739994064,-6.028135572914527,2.7189198088319806,-2.282138669305905
357,-3.0632163366115,-5.653016198328382,2.7824891352194805,-2.1567947592160137
358,-5.50621605028603,-0.7167873694329532,-2.6109660006023945,2.275043938755919
363,14.05749321850714,2.859414138092158,-2.7187412812256992,1.4609447486018985
364,14.875277847607302,4.3628652014331415,-1.8607081079789858,0.33530528855668074
365,8.175672754091194,-4.231061901576853,4.318649786212031,-1.4410668720993955
366,7.713846755856631,4.237397113152964,-7.675493860465077,-2.0923994853740746
368,12.12239725236014,-0.5500374085255905,8.012030486950733,-4.527892853667439
369,27.47705641853424,1.509966039381295,8.182777432569788,-0.11962860174608847
370,13.232754197552634,-0.36801367288079573,2.564085717004563,2.6231205386515
371,7.7189102687528415,-6.569131398190212,1.3518062580410097,0.15135849863274775
372,0.1758056029789625,-2.7525772303219576,-1.4843364148264488,-1.9972163225642108
373,13.755270659351016,-0.10622564462451863,4.960495196894847,-1.9262231492182154
374,-8.73214086864959,-2.5996750902760737,2.853467474340523,-4.929080550930004
375,-5.215893660106532,-3.2593471184951546,-3.3681775805720364,-2.3571971791207673
376,0.6715828391764321,3.697174049855819,-6.905358080906046,0.010677392143550561
377,-4.430855291452847,-3.4682109703893214,-4.0705240786945645,-1.703585404525139
378,-4.417719019976055,-2.8268779930185963,-3.6408111470485043,-1.419631546858074
379,-4.647907319684669,-2.8672752802135286,-3.8707027732187393,-1.666831703935729
380,-5.292021033535799,-1.5807184063204716,-3.0893555764284675,-1.8177200623200283
381,-7.722893189691271,-2.617282215749415,-2.353287892698854,-2.7093064433345204
382,-2.8369106568453284,-3.4249256135596227,-2.6477173252419384,-1.9989384999893292
383,2.9756443357197133,16.204864651024483,-0.15976482193342825,5.105214917101914
384,2.91997791843368,13.85022449905752,2.7720098781671227,2.1917394775397785
385,-1.4793676651341225,9.49318721868826,3.11451513433525,3.3266380843021928
386,2.065623720153025,10.824532771303225,4.027543625156209,3.003734222877324
387,-5.373275796766852,6.199259781936304,3.2950214931105126,3.3944713862974356
388,-3.5512809478503287,8.022621315974465,7.280078752127452,0.9048441049801856
389,0.7225413684596744,9.728843084466385,3.4948899019715207,3.401255381064326
390,7.681436809479788,1.690093098487925,0.6615646157743827,-3.682820026655818
391,-16.37530995247642,0.5703909171513031,0.660454883948534,2.687035639401751
392,1.0454943531588152,-0.20306437820246837,-8.795681005507655,-0.7385275310599885
393,-1.173035591287435,-4.913892854489221,-1.7262568389753525,-1.7869694189860836
394,-0.8880812301667402,7.0389005025748475,5.433782641235319,2.8119759591783495
395,0.2891928465726507,10.178403677670866,4.219835302987158,2.2673719771961047
396,-13.517577091698323,6.323546591802018,-2.1601750578844676,-7.318136290601594
397,-9.322012306802643,1.9902343738981891,0.7301054640134703,-4.594738983809255
398,-8.741612311480589,-1.1312253286563074,-2.496678822406258,-3.4788658606742286
399,-7.449348818551597,-1.0768789760403361,-1.5061694350094679,-4.295119380445233
400,0.1913750942814544,6.906628809473872,-6.2807984727053485,-2.2763113357156795
401,2.3155137071717937,9.496214254520998,-5.173777412039976,-2.6029744305494313
402,3.8470974243750238,11.839336279607744,-6.611122527572328,-2.170296406155236
403,1.8933795554623631,8.709006937119234,-7.994181712374257,-1.5916649534072171
404,2.776780979484384,10.945943508264214,-6.015521242728309,-2.641058705015829
405,0.07564300611397103,6.769361806380595,-6.168968523843341,-1.783113223108275
406,4.239862107366121,8.348327595097917,-6.172813162401766,-1.8840970659207184
407,5.681917615414861,10.035306942999213,-5.674307056832999,-0.8512977079512393
408,3.2484703195490634,9.509169927150813,-7.744473274603607,-2.354554861015772
409,4.391362568836905,11.368914873259259,-6.59660158834822,-2.2118799738902073
410,-2.4786465194583083,2.1431541061046033,-2.8744594468748104,-3.836754411561744
411,-2.5430826441349064,2.0953083007252666,-2.3333621954803827,-4.221255512630088
412,-16.26373663530223,-0.37322236254695884,-0.47625951273910616,3.669477278123253
413,1.8709724384689679,2.1431179760673285,-6.868506158976809,-1.7877085538732298
414,-0.7103411702686302,0.6746664571258321,-10.35061909226228,-1.874819291147724
415,-0.6026351376156425,0.24338764759741918,-8.095860951544221,-1.4131902234088631
416,-1.53963612678507,-1.3046768026322095,-6.830602134244913,-1.4331009437958269
417,-0.21160027606770576,-9.80698009529512,-2.1805839035437002,-0.06953424081019086
418,-6.50718921738478,-2.5773658474131422,-1.8445411393564908,-2.3901175816557227
423,-6.4332560112462485,-1.4494856538316745,-2.842349486784052,3.360472812811605
424,0.3937912445193881,-9.511088784653284,4.430047421808352,3.8066215192551844
425,5.9990682784599745,-3.6835811166144836,0.7334894362888822,5.327891513746709
426,-1.8751170255380323,-0.30961273961236,-2.0572739752851246,2.08863755003647
427,-1.8789569716425147,0.7772159713275537,2.1094072751517228,0.06638047798335138
428,0.25242969364585444,-5.242295747158373,1.9401365027927655,2.4430196983228765
429,-1.0888748638417096,-3.4402218424742994,2.597797095620928,1.2382798586548278
430,-4.733396570753965,-1.7663588927555767,1.440369387222982,0.7186971512669383
431,-0.8364157469573706,-6.439875245655983,0.14667968309143045,5.268034105362087
432,-2.356910793718378,-1.970852133617585,2.826303195209883,0.4390357197418978
433,-4.8149699166236095,-0.38261653102689264,0.30678554281133863,-0.05932969690444449
434,-6.0973039905113415,-0.9457079248775334,0.14015584336878473,0.3235479046363774
435,-2.831380009894967,-4.486091783940195,0.3817375414403714,3.2975831219691916
436,-4.175997036726959,-1.950205262931851,1.5934210519696315,1.536262244261484
437,-7.446736092007414,-2.7924442436014774,-3.592330494119111,-2.8521969681485557
438,-0.19904353554966983,6.451545240521062,3.9525824292607887,0.8245403053593944
439,1.15648625495628,-1.1218794925669622,0.6912068268647259,-2.812581729635985
440,3.6544467553697966,6.302776683834772,3.1793932747571154,-5.634175308381389
441,8.611738735971754,1.5126568467710033,0.4981977175943503,-2.544377305472225
442,-0.1941632724848147,-4.458988738031767,-3.549938256065249,0.8491315977928503
443,0.8574754083740052,0.1479159446332145,0.27299649033704415,-2.5503034819052144
444,-1.3643309162117574,-1.0314030398782117,-4.796297503597641,-2.2376522138754353
445,-15.8111123197233,1.170684931436463,0.2803435840607781,2.6842895966125218
446,-10.80012074985317,5.6141577826746945,2.859931002729897,2.142617980092376
447,-6.810792421576663,5.3893572488010015,8.20488603523501,1.2087525770038752
448,0.6050975105036513,8.968798536044547,9.199377898867134,-0.6584457818653023
449,-3.581736460758535,-4.226597396395624,4.250137934234589,1.2554602958774843
450,-7.342270641522931,0.9192125246321641,6.148958217899104,2.7070866153700512
451,-16.646798913201984,2.71515489747577,3.1568467345557054,3.3518079559290097
452,-10.44803726365282,0.9997579342184699,2.7344352175502324,1.6109716558534113
453,-3.976654025523066,2.2995335907262744,4.598865382332445,1.5059445749303662
454,-8.905023400020431,6.138141443054692,4.764327962488308,5.861694240114022
455,2.000737863454551,-1.2761665744280581,-9.437684722309248,-2.239114577523353
456,-0.5393092634054524,1.551724093196901,5.018769956555553,-5.804830998028629
457,-2.3139563520943933,7.786959853151294,-1.5506229188609246,-2.0637517670718672
458,7.788912146532498,0.4599452468283637,0.17577502334289988,-2.3421374331133094
459,-12.156875842560025,0.40296875799903964,3.7684566502490164,2.0671662129901334
460,-7.273473917666216,-3.7169348512717955,2.1903029233468607,0.33636449752706155
461,6.0148340324095155,4.559546348761441,5.417347722068091,-5.855069122040444
462,-8.044607956439034,1.7779759535764919,-1.3394746562506143,-2.7178231985344365
463,-2.8220937047493004,-0.5408341255114145,0.21168659604424878,-3.6723833128823
464,-5.799688135924712,-0.6130403956858339,0.494264223451308,-3.861685222774891
465,-4.279645337787952,-1.8253270101714387,-1.6459601655764209,-2.8147293113229512
466,-7.612065524326437,4.231643760571378,5.789324455966585,1.258119174204943
467,-2.2681309714153963,-0.6360393279567315,-2.4931645499967834,-1.8603099595853079
468,-1.0901283220954838,-2.3863975800525514,0.9535226675443167,5.661270028887126
469,3.5754493889849575,2.4301654940509354,13.185431737898519,-7.908861294317987
470,-3.788552108647734,4.475668969842809,4.895184653356956,2.7951556091982495
471,1.9764774298908576,-2.867864951755668,1.8011535183876393,-1.7267999482679326
472,-6.3433445260245325,-3.7154843400808204,1.4947907255978288,1.0528322039935887
473,10.712380519086997,1.732933670694089,2.273770977381462,-3.4506704782127477
474,1.0946426215875014,-2.861234153683236,-3.9485335654237628,0.5585710135280563
475,-3.826887587593954,-0.9672021894734375,-4.205731020334039,-2.179113346075081
476,-2.2049249761712324,-0.9269060891802688,-7.139674595476662,1.8952739656354496
477,-0.3899138638820154,1.500282536737088,9.556810647279862,-4.197786869550375
478,-3.5147130143821372,5.610294388948123,-0.057795816249336475,1.2700691509619577
479,-9.397789408869047,3.2893054195871265,0.12152540035519528,1.5892734529185326
480,-11.174013928651751,3.096063812875757,1.7845327656055028,3.8729745680744787
481,-13.32189636687598,3.6586330173715162,1.7816099136305572,3.1871737070421733
482,0.938175272317526,-4.520835946638076,7.272498833196517,0.7572484102335185
483,-0.48829404132236454,0.5956100424077065,-5.4753875385970705,-2.269522869652619
484,-2.857669263881768,4.438132984128773,1.2924609429578016,1.947341343457923
485,-0.9479504522236467,-6.065897050956455,4.09251139830771,2.315413726977937
486,12.37401115012545,9.814805230713905,0.42546979684546976,-6.009357041169317
487,9.929688624833023,8.480387804123753,-6.537103320713392,-2.338297280130947
488,1.8759736198699661,-4.221212228608254,5.636781925774506,1.832538418201211
489,0.3193718815305676,3.0024177713754776,-8.224198724595809,-0.33581166861783907
490,1.072344594126038,0.05748409330986857,-4.017513690505821,-1.1217752290652452
491,-6.478233484011229,-9.418304221558511,1.1672458909016503,-0.7950411468505669
492,-0.3242905066576236,-4.662402838139421,-4.785097856255391,1.452116891311765
493,-3.9859749715557835,3.4918228153899245,-3.1996074841046727,-2.490199446957543
494,5.814623252277158,2.383487688442737,2.094069784917947,7.075116188248389
495,-1.056985140990728,1.3271296152740026,-9.58599151934041,0.2566785045240747
496,6.614048812671534,4.645542985013303,3.3202944509759384,4.261950255096294
497,-3.0986065839514345,-2.6629010179627066,-6.06155743746123,-0.24639264156893154
498,-3.4973753339215556,2.650432636642493,-2.929405707056948,5.023004393517682
499,-6.771432560625649,0.9061672112194789,3.0103012646573197,-4.450045715965877
500,-5.448470364574018,4.055665026952721,3.716135846714145,1.6140743194545173
501,-10.235419276545903,7.784546068889218,-1.0820542536755249,4.469531244784406
502,0.6857677413197792,-1.370304293840214,2.518594215194812,-1.3164159831854487
503,-11.78576949356545,-5.7644111504842455,0.1519078664737709,-2.757544640468967
504,-0.9482844582865428,11.414056457307577,-2.6525619824372315,4.332345247561054
505,-3.9382727604891135,-0.7834760326603953,3.516755896548377,2.156547698632466
506,-0.7108885929845503,-2.1830146259276724,7.87139234215247,-1.4890031436360895
507,-1.438153717029292,2.7119598227622808,-2.8504313986569008,-1.58229957356129
508,-1.1009582698234652,6.72911970008881,-7.991386180782593,1.0648690889696486
509,-2.9433731668125507,0.035966173384563385,-6.439675208936954,-0.36620793377454597
510,-3.277962673423666,4.692241256671526,4.819569094948108,1.17395676344011
511,-2.031657533414527,3.1397402220810657,-5.328650605127871,3.4513158368164296
512,-5.975753669141352,2.8306663690263227,0.6068384471093263,2.555940361394139
513,-3.8451793038640543,1.7024390406329897,1.4420150109955072,3.2740736505860557
514,-5.093824376369609,2.7303136793949423,1.2341935761244986,2.5109804806237577
515,-6.915303268554882,2.205796397841025,0.9856737291237753,2.666983629191439
516,-6.773195478083523,2.7708503173294807,1.0433895671019149,2.562862481304304
517,-6.827584069493543,2.306156233958733,0.937860939034084,2.6382803115105173
518,-4.704038672601497,4.827511011199891,-0.14561759414125913,2.8429402718874037
519,-9.716903815638108,9.271657031198927,-4.505990493266174,6.728542826381777
520,-0.5372006756181399,-3.391547958007249,-0.47115797717257757,3.8443755665343784
521,-3.1058325981051675,9.367451990038147,-0.7403139424568426,2.3920550110361205
522,5.68776195315106,10.159745402790127,-4.214165664215898,-3.1739610034724595
523,5.616860877292544,6.881570029833532,-7.858538054005698,-1.9015340343440748
524,-13.818009199294547,0.24960886770957016,-2.359230840097267,4.8579304103081045
525,-9.533637298088154,5.386069497325664,0.7760571914628139,1.4171999955260002
527,5.224419416099822,-8.104212998819788,0.5616097319021577,-0.1751430657226009
528,4.975249021189487,0.578226019854741,4.845171210044344,-3.151647087092083
529,7.7229373142241,0.09252272621204578,4.822649161782706,-2.9077470166870434
530,4.660445616115846,-0.7688587044414894,2.142415454345149,-3.255262126644397
531,5.4401699677621025,1.152955584494462,-0.35020688086246166,-2.3970369002999057
532,1.5961241407549407,-7.823549369559415,1.9454729675207985,-0.13438056014927824
533,-4.186498758932445,0.5439814923967022,5.869100847299569,1.7378795562362106
534,14.16474053596267,-7.229108593372922,5.48962765918381,2.242676217746711
535,-1.115759476162689,1.49474948856666,-7.924484281509993,-0.6436562998319632
536,8.418749704842703,-2.0442029277842426,4.690930699865004,-3.18489162299404
537,-8.936085219812291,-0.39829532538233936,3.9052169857567467,-6.178174223341086
538,-8.89892064333774,0.02559380126335892,1.37901731345972,-5.609767506432773
539,8.69671100381861,-5.57487300039695,4.428921836339135,2.011248262855348
540,2.72685256285406,4.57014926446119,9.424900526664292,1.0184819213805743
541,2.1090762903739924,10.366394108667395,5.084868474978668,2.838510070866043
542,3.4108327780930994,5.323022645595813,2.548471281286244,4.454208072016303
543,12.925269714803877,10.17966812325443,17.34292626158036,2.5056392103377307
544,4.03315282844336,8.810674156104787,10.192186316831604,1.855431034341138
545,2.1250731891390977,9.40300575214129,6.013524754140201,1.633083055061365
547,-4.94824789908141,-1.5244042426027815,4.869258767571223,4.872738347789483
548,-2.073806077560147,-8.30145186426934,3.955501470467421,-0.44816603942814687
549,2.6200019326223556,1.458979689782992,6.733054108196848,6.51038354793691
550,-5.354320653815641,7.081126618556125,7.023829121093663,3.998831983976835
551,-2.8356659593479505,-0.3578321536000643,-4.606113061531789,-2.093766269315224
552,-12.65723180638541,-0.1289806128252347,-2.191167627953382,1.1880216362506506
553,-0.3470672534412065,0.7807623268193219,9.956094355762524,-7.2068753397313765
554,-3.1658561371437832,0.43825208485223627,3.224139552535806,-5.417637567008978
555,-14.282227216190371,-0.5903176605025096,3.543319296528944,2.6592542180816743
556,-8.036420979654268,4.2073403093709985,6.055262651390849,1.4030816236861696
557,-6.827506682513875,-0.35024420719414207,5.746145624783765,-6.781367548667703
558,-1.9284792605771828,0.7540218233682582,5.289595524968201,-5.348370138796148
559,-11.87362897825045,-1.7074059842402451,-0.19936428258376732,5.4014141995738
560,2.724247937696488,-2.408976479756072,-8.083212288060663,-1.6161906769611432
561,1.499522388075207,-2.52746555954333,-7.28695377635991,-2.035462007753148
562,0.46309869733046544,-2.5615942985355744,-6.5421508380767825,-2.112965460756293
563,-1.5181712761596675,6.3842937761877385,1.2706190473475323,8.372373106990905
564,-9.84631588535944,-1.5190049860700547,3.5738181248567304,2.026108388441446
565,-11.971402325835893,-1.0428486468333005,0.8731465202286008,1.0241698938515875
566,6.235972750291176,-1.7978750134455237,-8.438723098467902,-2.146030230101459
567,-10.525756908215515,-2.7859945727421063,-3.487835388606863,-3.552771098954841
568,-7.348706097642828,-4.734757384593096,-3.3037496805524316,-1.3317982370474806
569,-2.7411022363758097,1.2591623270599532,6.037830390836609,-1.6584145118949405
570,-2.059854043621015,2.9700294610747786,6.035119054900578,0.08165897694994854
574,-8.94465594268211,-0.6914399969594992,-3.20620516584644,-3.1441264600323926
575,-12.51518272541885,0.1215907098033556,-2.645564251983385,-5.213163598428201
576,-0.9858459352482496,-4.072723421383991,-4.147799565063635,-1.0000039484409093
577,-9.270007225302432,-0.8854564514723773,-0.8827332534099469,3.5641273619502214
578,-5.528540657837477,-2.0880410701669834,-3.7093336010019478,1.2374962504826432
579,1.9321231406221089,1.7217516410867433,-6.157271479512416,-2.278590725198896
580,-0.6474101979718141,-2.3858764767225153,-5.961563655546226,-2.211695646365063
581,4.149724419875509,-0.02982134810966024,-7.6560206004508,-1.8840882255369458
582,0.27623168695176276,3.7304577855894574,-11.649678307521958,3.1398791290342967
583,2.5590170521820106,3.284855191735153,-9.387226736747683,0.21293334200131764
584,9.03314796760683,5.703081480377986,-7.375518912687683,-0.6760178348897662
586,3.3583062707691647,5.441444069307542,5.45149822492293,2.1667454083691378
587,0.596168964598053,5.154417561887285,0.4346572505071439,1.6329763166857978
588,-3.1681836229373306,4.156632719362665,9.709391604442276,0.5522184013421972
589,-1.280732276431207,5.742107835193521,8.245333694865769,0.6607604663168891
590,-5.761355130743414,2.849666634977658,2.636788936180583,1.67334443869
591,-1.1329809185262685,2.2328298659376054,-0.4730732700910437,-0.23012924399044962
594,-2.357488309907177,3.183194766338206,5.622484696558192,0.930477712365894
595,-1.4104830762601424,3.549478185128645,4.556523052755489,1.1995883225577464
598,-4.307424266223306,1.0462822493815453,0.4695866164196539,0.3589478191755267
600,-2.2258469550746955,0.8152042679647552,2.172829826113705,-0.15629980797396947
602,-1.1657022350137085,1.111368871158675,2.2007285226418634,-0.312398737096916
604,-2.6793879700096213,-2.815739367004718,-5.880115157978978,-1.2578382855597618
606,-3.4211836723988522,-1.9677339383470434,2.4675280679538694,4.741622099987669
607,0.6475942329938581,-2.1335068718248578,-0.11985325283957,-2.2274689911383865
608,2.043123596592324,-0.09396442632603702,-7.4007740524710455,0.6922174431870041
609,-1.3186182362934304,0.5269907566617104,1.2550784558435863,-4.315958985566237
610,-2.641576369864108,-2.214113005995447,0.4743296816594323,-0.7750020857590044
611,0.5415171676098266,1.4635763897865754,2.8138766446604238,-5.00412623470815
612,-0.6352408355073192,-3.9517691509308333,0.5009974132384392,0.6900743516178364
614,1.8835978707204806,2.659836083059748,7.055002571794415,-6.532149263754336
615,-10.621452017903993,-4.196998428226114,2.5684897938085975,0.9018849337830523
617,1.069581353405835,1.4423241591797953,-1.3609714643151076,-2.8723693514925484
618,-3.7255278935249394,-2.3652871586602684,3.781734226538138,-4.264770258894226
622,-2.268481586999587,-8.141287438792792,-4.793129605277637,-4.181377450230426
623,-5.9086706397322,-3.077316529930436,2.803739328731122,-4.695955224824815
625,1.4630806282974103,-7.904847395728877,5.451392772722534,3.6666336158707526
638,3.4936738617538174,6.949663330809342,3.99865669104017,3.7534609623129294
639,-6.804897605493804,3.90128396023608,1.3170030771126433,3.2944429258969516
640,-5.60090762024587,4.5812240423308594,3.17434684661795,1.6612395679827174
641,3.9925514531078936,2.742440684184186,3.498553574264399,5.2166635305170095
642,-5.925202482754904,6.374997020081681,4.496877066966154,1.5584156146877994
643,-4.7924600863629365,-0.4159210261180706,0.5748771127621013,2.6456799439347902
644,-7.594922792272246,6.22080797841708,3.3803969665682296,1.4713173595363334
645,1.1940553974915489,-2.064254526773233,5.8825542960858455,0.46884862964731455
646,-5.866280579452956,4.542334271314197,6.18559063173366,1.4380847131450223
647,-4.005633413953642,-1.5039067391316598,5.93465809902642,3.890504620512731
648,-2.108507289088787,-3.0541152482371166,5.195553866300407,4.495169698787236
649,1.58976505371553,3.608873700319083,3.9263084308282594,4.142445970015422
650,0.8444718501831676,7.165388137162696,8.10856557915743,0.2521961272422137
651,3.0891394862810784,5.650824614208289,9.130084622884503,1.4937246733154723
652,-1.031802250235227,6.631991358269601,7.002491734529822,0.38115952304342804
653,-5.108953546904597,6.681462270611497,6.367738866740552,0.9221285224348312
654,-3.471715703171604,-2.969963864001662,5.918366165886953,3.2959791000932905
655,-1.2139717505667018,-2.057109447657435,6.127297183796453,2.8742826586894736
656,-3.521923585304239,1.9443860937338053,6.9135165876627775,2.492259551878686
657,-0.8066101193774067,-5.682288179713295,4.4987585179186915,4.41850867624795
658,-3.5753764041963056,7.215361440259734,7.382327083328633,7.54174934019441
659,1.8493885230146379,2.678643895454194,6.71998477188221,1.1301025249575765
660,0.24327951981285487,10.508613703520556,4.329467771121192,5.354049396863215
661,-7.010831944603043,5.697515211184022,5.133415338347412,2.042104899975448
662,-7.787203009984068,1.9036362576904928,6.095288432056145,1.6243656743013937
663,-4.603220012295534,-3.8492293377371083,1.5213973308198487,1.4191255799199853
664,-9.111921902004042,4.075764308531673,5.827066448595769,1.6749166265921216
665,-8.327075819183015,1.4379705807881586,4.084369104019917,2.161089453731116
666,-8.314256908118505,2.5912117655551534,4.006720225006495,2.251939226630358
667,-7.962584438330475,1.7655725181673374,5.940249385298905,1.530472403034602
668,-8.93571496837901,3.0748806160530946,6.717385008420775,0.7096125147335779
669,-3.2492740622285905,6.749050147120112,11.225387862325334,0.7926745001126725
670,-5.456065224680136,5.363068894302622,5.986207393185979,1.6803413634114126
671,-10.349446755020683,0.8320431646159459,4.588998882877039,2.43769584840385
672,-5.4973961551007395,3.5008671369309834,7.185026568725927,1.42879815693659
673,-5.0092772437711055,7.970846163180146,4.330567668541034,1.950499755348482
674,-2.4030523748155495,-0.4554774492489646,1.2380906102016729,1.3910340987045329
675,-6.331853842438704,4.874554052023062,4.826404307086034,1.2315486218124247
676,-6.395350245110648,7.236521582435385,2.96128615964874,4.604590059337206
677,-4.3277554276365695,10.217313656902974,-0.11920902860001274,1.705585457059395
678,-3.026970176710559,8.582862215625145,4.361916572258172,1.375506678615725
679,0.057100970205527915,10.177042646948221,7.60354730684781,3.066330891657375
680,-12.537129516512016,2.9294900116193023,3.4633618168771445,1.5091603695626097
681,-3.122562230463617,8.836213129094775,7.966459888954664,2.922803030623161
682,-12.35115473483481,2.812692589186908,4.063644739738199,2.7165553102233964
683,-11.728884498268469,6.594958643362205,5.106547781355964,2.2765848673937294
684,-1.4879617472448072,5.036310229672348,-1.480393391611574,5.007164955407344
685,2.737929645933477,3.3952337730259052,8.926339781497413,1.5152881344155227
686,-8.80299587732094,5.957428301774832,5.0262382464125155,1.9040157218949731
687,-1.4093488094295457,-2.7248618559810556,5.765203011579284,2.757369125578283
688,-11.277062269515893,2.0312892538470226,1.9787213521842626,3.4204440975499923
689,-11.110349736207711,5.702516972550617,5.065409261998413,1.8885226192989826
690,-11.642352834681871,4.2694032256844805,4.601933580688841,2.3181899952432854
691,-8.985136867144156,5.966838087299334,5.93542333834015,1.5008362242722824
692,-11.48258659497802,4.044251024137681,4.814546369783054,1.9249739502568646
693,-6.8991925123830224,7.834050645778669,0.591120689600818,3.199355090976241
694,-5.770159963690223,7.755473199258371,4.14589923134878,3.942491375186826
695,-7.879929680520227,5.489946291037077,5.816481383094852,1.9410214003152866
696,-0.02504049401354316,7.1431530490538595,7.901378962183062,-0.5801188477073569
697,-3.2942995400376858,12.148881545522373,4.25971703492195,1.3440202127989171
698,-2.699163890727651,12.559081098608614,0.5888188925030466,3.225153125251932
699,-1.3668137733335954,13.389652800087196,3.290877161558266,1.4105403268073051
700,-5.290154065719757,7.173386684855224,4.95126216268942,2.1233034256829466
701,-4.581393375644813,7.945484545447106,4.1952039097977005,1.2969059195293111
702,-2.0342742002833627,13.671652381067526,-0.7557042156695437,4.449807165367657
703,-9.836100059317555,6.904364988977983,1.9064179383859754,2.8911088331771677
704,-4.654836648592686,7.218777258859011,4.309423971315578,2.484580862658348
705,-8.992486641973663,6.022295999747603,3.8457204011993014,1.224056440885969
706,-10.52423581983281,2.150390210013078,5.9239658518998475,1.1085411353254107
707,-4.115059264118548,7.17632487614385,4.2190453188274395,1.2748072422251218
708,-5.266228475681263,4.9872787348049945,6.019641741674512,1.9278805552769172
709,3.825905847034356,4.387862426838278,-1.1589732373468524,2.7437214983297844
710,11.785991291289527,4.170542771938033,3.804988132126037,3.878996578467034
712,-1.5116958796867996,13.506740895119375,4.293932031159301,0.8442704126333567
714,1.5151622756406495,-1.060534936723429,1.3779688506267758,-3.6216467704796202
715,8.977013070523899,-0.49409832725710334,2.211266717558313,-2.652479639683093
716,12.37492446279444,7.6294195748529035,-3.7603312297321,-4.234651773466483
717,9.40722048556237,-0.9128911030196238,0.9327306930415947,-1.9146484169248876
718,10.460041484886377,0.5142880425404049,2.496079427302585,-3.1010801558636762
720,-0.7931402611329949,0.2770340422650001,-5.65892371433175,-0.003461810239007445
721,7.1660703471334735,0.6940654804121553,-0.3708671241703219,-2.2957565877337887
722,3.4200844475768757,0.11975996153229478,1.4665078778426006,0.9618002970178842
723,2.2316387491023515,-3.6389206926539286,0.08510349243671687,3.217716749097292
725,6.327470145826331,-2.48055767159936,3.5519415769169433,-1.7690880095588788
726,1.9166818947395399,-2.0238870175690553,2.2678719352792474,-1.4783659391165358
727,6.806416025054145,-1.934354002374249,0.10536400135143736,-1.6817149186799594
728,8.322618058192965,5.980094377153646,8.84836865033047,-6.1847503067714715
729,4.007095351825793,1.8499592189383638,5.988382411680611,-4.168816714185527
730,3.075156892918955,-1.1681012865586007,-2.9564841928950423,0.0009545104641586798
731,8.623160979554173,1.562486988063609,4.195088350992168,-3.6693228452636215
732,7.837310186987794,-0.9627856060755372,2.936356945158906,-2.902577177811121
733,8.600874480465768,-0.3286765870939495,4.555271269890009,-2.7222344757391883
734,7.8337009925281365,0.3587873416576734,0.2754437081914572,-1.9639662499229988
735,3.2941292758596172,4.63867084508127,11.918536101461044,-5.106478930054785
736,4.470329424680337,-1.3641867950698958,0.8246460634181091,-1.5826972465964089
737,1.6089017639710406,-0.10523946444840378,-1.8441667198338674,1.971165312231579
738,-3.3330875180491506,-0.0964153830411129,-5.7204116288172795,-1.811040239016945
739,-14.389473549878165,0.1380968893612893,1.1160274522488751,-3.547141196155954
740,4.263024330830856,0.12598639230180697,5.885159253976424,-4.3153249143169505
741,-0.12248589344741716,-4.471016048746827,6.0231731495090415,-3.993613359285233
756,-1.467002949556042,-3.5251753383471067,-5.697172013848109,-1.8815569355915054
757,1.2410221413678164,1.6974664952527119,-9.809242131955079,1.285783376315631
758,-3.138735854747271,-2.054668180500635,-6.05292934809933,-0.13232648313269701
759,1.3338631222961683,1.8334732694108156,-6.397374793076804,-1.486285453070807
760,5.399801608862683,1.1626467337379163,-7.186539258511344,-2.0140352145457316
761,0.6594163810085719,-1.424960481106019,-7.45684963363958,-1.2960268231711392
762,-1.3810112543716115,-0.4712919259425463,-4.807770334557912,-1.8617400697779067
763,-2.9268595042040637,-0.7214321682410723,-5.678080191862581,-0.7267896222220568
764,-0.07379239324790615,3.1143608243471066,-7.527056762892557,0.01406786750060519
765,-2.55565300162705,-2.341268308141452,-4.36436805665,-0.4436565589738664
766,2.716537860607278,-0.7269421674545189,-0.903483090290977,0.7096347023360057
767,-3.492714947179436,-2.5972070790621595,-5.83998237661169,-0.7852327674794093
768,-0.5583153079077902,1.3378972359492878,-9.60825320852289,0.5472177662538431
769,2.243380399286676,-2.4875010857611746,-3.7606683028544574,-0.9648723937699183
770,0.23727130623791395,-1.4310027077922494,-5.891666569893458,-1.9260720923070787
771,0.8527785544951676,-8.482435536468998,-3.415230750818226,0.22345684805949023
772,-8.340410605716741,-5.044219886381455,-0.8460594112185168,-5.492203265820272
773,2.539688974446707,-3.5495797545909937,1.8818994143273629,-5.475217259244974
774,-0.8893596024803402,-5.8154895449179,-3.437902767696181,0.7835263435253056
775,-2.139227068281602,-7.720714281254912,-2.6239682562026125,0.4365166982587733
776,-1.8436070901835109,-7.1847249367863,-3.0658144536033602,0.7671849878122939
777,1.2120354617176725,3.1690055708808114,-10.888079832270433,1.127326612166235
778,1.722939298887173,-1.3538233806797522,-0.03902616007971934,-2.9004743276777343
779,6.170153355360123,-11.821814288717235,-0.987657682239211,6.377962877373432
780,7.236332468866026,0.014842752292600823,5.298758126157304,-4.231740273160303
781,5.615388504978744,-11.126560648851349,-0.4253558197501198,7.39692861581251
782,-1.10577777888313,-1.4374791012617951,0.6873339333299466,-2.622976868800622
783,9.567586943744658,-9.997350735529858,-2.87916859946664,7.052730981028798
784,3.2097049890709712,-1.9195789236018215,6.086449840143757,-3.7412075342244853
785,-0.4390415115879317,5.5142180659355295,-5.372271354907735,4.888614710591635
790,6.485906208202973,2.0451960402520624,-0.0085019937492215,-4.55600110375348
791,11.025214518495966,4.423040016179446,1.9147455973379146,-5.428244040262814
792,5.97136096250996,3.434161846135995,0.9443001522970863,-4.875051449571267
793,10.243315095133944,5.516429304131915,2.6363503754597923,-5.760625721464637
794,9.802461265490468,4.1820821230407725,-1.8694767518396067,-4.6168206303090775
795,2.809646364546184,8.064913449045493,-8.455265704849309,0.18569845328072473
796,4.180075735212339,12.671202323054215,-9.441316788268308,0.4559447907802773
797,1.0985404301936392,3.64968406756556,-10.403804048668214,0.7765847293841713
798,1.3790498995522271,3.5360872694717007,-11.148916131672477,0.9870887211576652
799,-1.040447416247804,-1.162985728153645,-5.8458287386125365,0.8463899858897626
800,-9.818701777720102,-0.9014314680310349,4.400089608442494,-6.7091667771269075
820,8.785708000813859,7.8100921204169005,0.8716343035332089,2.7919634232714063
821,9.230690896141128,8.450992099953144,1.0585770897581792,2.838499107940907
830,-4.523050523611325,-1.6151036724560197,-4.729511654042952,0.1127122181226591
831,-0.2652625330749106,-3.419144198132358,-5.229279496003458,3.545928756422983
832,-7.724743394213187,0.5305127421279657,-4.0990486737293645,3.4616537258079436
833,-5.500742059161751,0.16900012370727052,-4.349005003225102,1.1039114827679637
835,-0.32373903486148137,-6.816564053423654,-3.175759300287032,3.6034215120601085
836,-7.871128087586998,-0.9629949020777857,-1.672362312546628,-3.705681969116953
837,-8.06157632812669,-1.4263263853915953,-2.374306666624407,-3.3313659805937905
838,-2.901993403059076,3.466122660220809,6.4839497199802905,-3.510593217468143
839,6.070089328937559,-7.957964584862812,0.6881068092707296,5.60086330826184
840,-10.746938771075007,-5.5269476798997355,-0.15362270345336243,-2.178614589901675
848,-9.387466048051044,-6.127000726753394,0.6892507254430322,-2.9658626890598425
851,-8.087607302380915,-5.52657575703085,1.9474718655345165,-3.450939275822976
852,-6.523951429778912,-1.14510764283286,0.04744712849394591,-4.41128008760816
853,-9.875974170819136,-4.608908255885074,-0.030267688789337856,-4.177852463890525
862,-2.0848878377077105,-0.9311135234949657,3.01478583555345,-3.7589247384529103
864,3.3948297350353744,-1.6485030734968165,5.476559511948857,-3.834008789544223
865,9.330547528636707,-10.332742963511556,1.340785395368366,7.511346123145871
866,6.533382630052703,-3.8798377566959665,2.6075331129509394,-1.6853404832928987
867,8.246862791163412,-0.14488450586202753,7.373889014228828,-4.05299280193896
870,10.65713813465454,1.2900897328337346,5.998204352968583,-4.5584187231120366
871,-13.536769358906207,3.2959393291401633,5.224704860195868,8.734885202861236
872,-1.2366124524625546,0.2713429677912414,6.929399238122534,12.227326056138825
873,-4.831473303441583,3.399890682927579,4.164241065860463,1.863381342022568
874,-15.643931592457427,-1.6956951370802087,2.5642228426877223,3.8641671103580726
875,-14.48672095627818,1.1180396114485214,1.6840573919621222,5.104701662832394
876,-11.637869236232076,-1.9659944707197472,2.3893546614990404,3.227193312672599
877,-8.515402816665315,1.700840278939571,5.545695072627166,1.5864355552641334
878,-2.7768749824921923,1.1194090208118854,1.4459044563803314,4.706210906036777
879,-1.736962276430672,5.232412129847962,-0.23445750521147107,5.826091062592932
880,-16.041278543960207,-1.164600774772084,3.2928740160446677,-0.5893603895919652
881,-15.021918530170383,1.7497785718545913,1.0344909328806742,4.383717427310223
882,-8.98223512392841,-5.618118095918029,2.511511894855688,2.342613472516636
883,-5.683960082687775,-0.0768843188290195,5.379426077457977,-0.7205233049904454
884,-5.171490752552352,1.2659828036902885,4.375561029035493,0.8300145055067857
885,-3.6643350925138867,-5.4655165071352725,-0.051404920390426836,5.383379129091811
886,-14.529583083798771,-3.698434377825517,1.4024980277476435,-4.9727489448093465
887,-0.8789519849497015,2.7417009765922185,-2.1364618697148083,4.321207212477436
888,-14.15261380261722,1.338871514734083,2.9009334929472153,3.6194699221492597
889,-11.855685659396364,2.07108269520441,-1.5326522529976812,3.171204837979928
891,-15.126084349178434,2.9190396504963467,3.4511707687043316,2.66238389994526
892,-13.028778214831416,1.7152623013471913,3.995896656539246,2.0211272355117047
893,-13.825383478762621,-2.370989489190938,-2.4894805722528597,-1.586921911150659
894,-11.518237759161911,2.1868334774303344,5.211013020220531,1.714744858849159
896,-6.602177855218444,5.231094707893128,-0.441068949711164,3.2708288649101727
897,-6.332183044982923,5.749810405445585,-1.8938185300514878,4.085585171120234
898,-5.503728496023441,2.9077664339669207,-2.9284748251971817,5.420379746491683
899,-4.407438624511427,5.19630428332314,-2.308144424667151,4.044634278435805
902,-11.74954683971704,-2.2174693039972637,3.4072942140856717,-6.031063835240193
908,-12.961990759048385,-4.589539853087337,1.0905075395332546,-3.738953251522046
909,-4.008944329453593,0.8926017429816379,-3.064744688587182,3.3058243846781297
910,7.127169067215685,-3.760945797055966,-1.367356899809596,7.545282806691936
911,-11.434810774284413,-2.1174122579329326,3.0059947381994285,2.7262952152826796
912,1.8308502497155517,-6.977748118448511,6.062671990751852,2.05383030968346
913,-9.856145954028857,1.580518423372674,0.9331446231701014,3.5306503916510548
914,-6.075600469103164,2.6684841971147,0.9221076522431996,3.080032382984143
915,-2.8547177240948236,-2.3594723711477927,0.6970204493280715,0.8506505980255497
916,-2.858369641064646,1.7877360369534825,3.413463820408175,3.0262742700276877
917,4.214781778298965,-1.0457867718046387,2.6918134150552113,1.9177764336413887
918,4.042390876915704,-2.8074947025542785,-3.5306721007111688,6.944223430115206
919,-13.61360986994148,1.4149724657049185,4.591063956368627,2.057765494787568
920,-2.0028777713244628,-10.352920897037471,2.4533016361759015,2.916226162646159
921,0.27186957716297044,-5.6453858773394145,4.960390354981031,0.07922749203274139
922,-12.02513829253724,2.8944254896203345,2.8012457136051006,2.0247245675656407
923,-16.300497929951643,-0.21702873292048933,-0.7362004246218409,1.9756860114706307
924,-4.069748685993932,4.965900842854831,1.5061198543950791,3.5004556935785422
925,-3.45010337252345,-2.1718335235702133,-1.4519764484415087,-0.26420960038662766
926,-2.719980705294282,5.281452407455309,4.100969495942076,3.0212456175513966
927,3.291974179709476,-8.972110698855966,0.09966651616720529,5.89570587531241
928,-15.150982481300307,1.4011662781663097,3.294321893385344,0.7323017490190672
929,-12.537003859690381,-0.41849225694486253,2.9909342237887317,0.4367072789035396
930,-10.544034187896319,1.3717889190290729,-1.8930843219938671,-0.02145563222614192
931,-13.678960458582257,-3.6443513734723982,1.9300591142580892,-4.880275895965128
933,-14.90080867893153,-0.5530108191631098,-2.8836486432582285,1.3010049492275577
934,-8.082053763436122,1.9458103819409835,-3.2423596003707473,1.2855729955283897
935,-11.986826266909782,-0.487063102375129,2.814836521280578,-0.8090572748983639
936,-8.834904294862326,1.3523670605008922,-0.4463239296250537,-1.4195682808327237
937,-11.91365757913589,-1.1319134562073492,-3.2174787437488215,-0.14469380996646197
945,-10.851366459409148,-4.998101041427496,1.8068114013217327,-3.5490444183124827
949,-7.337692508739894,-5.1884932004641415,-0.31890285779000355,6.543805691841532
950,-1.8386568708302333,-5.333913840461709,2.4554865899581144,-1.6382601037605
951,-1.7471363764367953,-9.709683907075407,-1.4481995964809091,-0.00807308908795538
952,-0.35160399409379156,-8.3333278468359,1.9658949634224565,-1.1016252477403885
953,-2.939316511533127,-9.646151312034558,1.019508653704018,0.7865022108577285
955,-0.7932910830875433,-2.9162454497191015,0.569536870410267,-0.9848879390685932
956,-14.23884957429433,-3.4017166253655446,-0.1209753392248029,-4.039288649116989
957,-13.419793489416634,0.635329722677217,-1.4492248341377076,2.0193259535289543
958,-8.976949359886778,-1.2640791719823405,3.068365485036198,5.290572776770556
959,-1.6756473801972709,-2.1836659408957724,-2.9766928320204187,-0.7401901085619262
960,0.9828283052719425,-3.5421073227892577,-2.116979230223711,1.29736913810544
961,-8.413073229822928,0.6460816704167749,2.604178588624454,1.048139131586532
962,-11.126633532244742,-5.621185877522118,-2.4683513781787028,1.1474620641015911
963,2.3985699029236778,0.24033551943927822,-3.7407534975803305,-3.1389192454926667
964,-1.3874452120999718,0.12692241218352274,-5.580822493144868,-2.3506040872111944
965,-5.8894555789650616,-0.23603118488243877,-4.802404144876342,1.6836134483616518
966,-7.972845884369859,-0.3879195470295254,-5.341771520925968,-3.0164765693209232
967,-3.1695265076371952,-6.338140245865354,-1.7994873906995705,0.7728179169471936
970,2.571498031025279,3.5892429474622474,4.666442788832272,0.1366209307206952
972,-8.624780413706029,-1.7438324304576933,0.43551999259120927,2.4627857389094525
973,-12.85889340996292,-3.079763659930346,2.1484924217691885,-1.3896850048151004
974,-8.550515542832775,-0.8011934073113843,-0.6995273714580104,2.4403123233464434
976,-1.1473315194767637,0.9126859667995312,-4.794055724830044,-1.953371733451766
977,4.995952861812127,-1.6926870867734713,-7.385343694071881,-0.5366730137239647
978,-6.182829180158909,-0.5877079685841213,0.236170938183631,-5.0398733986121425
980,1.911301483842939,-3.179937765202377,-4.198422068282602,-0.19328042159855643
982,4.2751801092693436,-6.508354944067519,-5.214660881011868,3.4527465898174605
983,0.20657810732702978,1.6966881323680316,1.0502884624615672,3.351361561734316
984,5.521187721283095,-3.2524021956838567,-3.5176739467296536,8.190517362217076
985,-1.4338170517482882,-0.7735887008743062,-1.5732582404664708,0.5588993053532749
986,2.21038920837255,-2.949133904170429,-4.095633569939501,3.863853514643115
987,-1.497124184284055,1.9410830551428135,-0.5652292273911971,3.196667734396527
988,-0.8173924926086807,-2.019457206794617,-1.0356530738455196,6.924262331153207
989,-3.68165375824227,1.5425192257526654,-4.057412274248836,3.9602642308588987
990,-2.6087531682576333,-3.058997805945189,-0.7302915784377076,-0.6265317695107518
991,-2.088945447474813,-0.12483450793141265,-0.42829801193008504,-0.8970026485695208
992,0.11598478590980663,0.12490186642392109,0.6711319570353247,-0.44846075649703515
993,-1.114327329019787,0.7457042435538529,-0.14772321910838768,-1.3115362197715192
994,2.5595268336871317,-2.568374192260735,-2.2632153994195017,3.687857537561678
995,-0.4526486537587279,-1.7953714982481987,-0.6663545810852197,0.8334807504128788
996,-2.7894077675290485,-3.348296177010815,3.5989409520548636,0.09469764594639289
997,-2.294810207191424,-3.378024658870238,3.412047754690142,-1.548879466681829
998,-2.6239167555300105,-0.8634413647804868,2.131557580656195,1.0887470842545361
999,-2.1676635942982205,-2.0843890828396807,2.554929564549808,-1.0155321722468715
1000,-4.4763127262363565,-0.5681469179423919,0.5984765660440132,2.421989302005789
1001,-4.418640695598105,-1.9039476840130785,0.7905277475452627,1.989257633716061
1002,-3.3796834022955684,-1.610474640952974,3.538322521230681,-0.5562018235739951
1003,2.609957146852981,-0.7376425324662272,-1.434696334074186,-1.7233437384592263
1004,0.5444705090410666,-1.239455594794517,-5.62108822850239,-1.9558209404479636
1005,2.52610649519413,-0.6534676153446779,-2.0538170958668354,-4.254974692356873
1006,0.5665319419023269,-1.9380886588051291,-6.590635150395981,-3.7914900615039184
1007,-5.878310014947288,-6.883511110291808,0.733094874720381,-4.067240811739041
1008,-5.574397435742141,-7.546418348285083,-0.9504174742647601,-3.685653379508721
1009,-8.455389547403607,6.30516630492101,2.582318161362992,2.049645434201793
1011,-12.022686684793976,-3.057306779380738,1.8402136629310428,5.116744222089161
1012,-9.115211298249331,2.2685288192612023,-2.3323789187842197,3.9644281786387614
1013,-13.051986326516282,0.6962353934832973,1.1667348900886347,2.141803072418524
1015,-2.2770334824300886,-6.013151842617732,-4.842478521951447,-9.13501222910725
1016,1.7344183385423435,-5.740280340732273,-2.190707868024282,-2.3170848623184637
1017,5.925005543355883,-1.5069289236176577,-9.791563996665852,-8.404694876457954
1018,-1.5673184597026806,-4.33829684401168,-4.684695724342651,-3.129052098553456
1019,9.194424787196008,-4.970355095318063,2.728798609563656,4.140012459491741
1020,16.469839868668192,-0.7868553605194879,6.824293265110686,5.923389984293419
1021,12.608842306440577,-4.919856971737663,-0.43834141190626474,1.2911170427405023
1022,3.2398734931570505,-0.5919530087169412,-5.895376822730167,0.6514869095853683
1023,-0.5858530899212556,-2.6444056328202654,-3.257265031126403,-1.5267167609356194
1024,5.334185004609212,-0.20455076528244093,-4.386744880948751,0.011198476240906436
1025,8.390591334155676,14.843710016105634,-0.25628837618511857,4.452452937677022
1026,1.80882846829001,1.6444342608675717,0.14189099083283446,3.2644956977198705
1027,0.961029809672773,2.130438418871098,-5.474506085518039,6.168326268832671
1028,-14.578885151732935,3.42491336456911,2.850903483783469,3.254103770762038
1029,-10.474948112022394,1.8454408252976762,3.975480424431002,4.034264844279066
1031,-18.05524502168822,3.354999157677579,0.8253310928313958,3.56695722659343
1032,-10.379323580174441,-3.631248044456232,0.6065095170073558,1.0615045537931151
1033,-9.61233602392438,2.2488293811928197,-2.490285662479247,3.0452309393596146
1034,7.992247434291907,17.461468291930522,-6.403444653094264,4.93085549930736
1035,7.334248509045834,15.43833977898374,-7.347219294917709,3.957404826759642
1036,-6.147230303516942,2.767480605729137,1.076603283380044,3.0746206003987133
1037,5.678520796243524,-3.633545549680842,7.210890908051457,2.303491372027077
1038,4.196849176693973,-7.140230870553201,6.261487222301209,4.209929451872651
1039,1.887248379598276,-0.22448038302805892,-5.105715918331293,9.08188621131187
1040,2.9825902772848316,5.581430673292661,-3.296902486649375,3.7679859037981998
1041,0.7036455367916967,-0.8014628187733037,7.505249255013723,0.3255408628271389
1042,1.9045776904984548,-1.6852197291805586,-0.29732625161526366,0.6600135523341831
1043,-0.17248812064324773,-4.486879833247162,2.690575732467135,0.9130635768784802
1044,-3.2403369106458326,-0.9726014926142648,-1.9547741004801982,0.16954278009358772
1045,-2.3644149258082936,-2.0546022181354715,-6.624982974432035,-0.7736731225727557
1046,0.6045209012539094,-1.1543714046121107,-6.483082531071794,-1.771764607691504
1047,-11.435656283836995,-1.8785020793500133,1.4863751949137547,1.4504226287940083
1048,-0.5766277798377994,0.7954894422417942,-7.049330645139578,-0.9336405279854447
1049,5.55869326012117,7.0351833809111755,-5.567799988599613,7.566763927388748
1050,-5.806387114794003,4.072819552049898,-3.6452015227182706,4.635656379052294
1051,-3.7598505453976507,3.5545759335202542,2.236753169253787,3.4168504243081115
1052,-4.038863967060655,2.4874932648036285,-1.171221317075987,5.614491041593298
1053,-2.526263555347843,3.0943454536425885,-1.3783373821318754,5.673689720085074
1054,-0.3664224640587974,6.4752207162469535,-1.527376094726717,5.466244068188009
1055,-3.5691002521472583,2.3295376964340098,-2.031373347765208,7.168036844824086
1056,-0.3049670186427002,3.6236185860367267,-3.246927532075528,9.224997716351304
1059,-1.0776999764669142,-1.3540341319177713,-6.282046275650811,-1.656500052321778
1060,-8.788708030021281,-1.8051237134520546,-4.109035641034733,-4.206216600030698
1061,12.402052822027054,-0.6759816376716246,-11.166267106137814,-0.7261410457322088
1063,4.261037406151998,-3.726185026948519,2.9842861005763965,2.236089447661551
1064,10.400229663556974,-0.08968043108768466,3.3426519812926268,3.186028070148398
1065,13.90940032731206,1.2107507945762452,5.489962714320665,-1.7012665694413107
1066,10.479231410183539,-4.7640177232511105,2.7777539154767332,6.779447001257373
1067,22.214917545796407,-9.010253628545655,7.0371501595550985,13.861579148374714
1068,11.85257375033686,-8.90516373521589,-0.7010308923023504,10.812804424794027
1069,12.726818288182995,-3.873238352260675,5.390924404860233,5.9219920619134285
1070,13.838249554683651,-7.066212385007499,2.1103146222445646,8.58676336037069
1071,12.224598234897275,-0.3824839904744476,7.296882817378866,-0.14198583031729115
1072,5.51653742700635,-2.061463441590881,-1.697210413580154,1.88587072529952
1073,9.875693073146236,-5.717248540403361,-0.26347876681581633,3.4837721835700624
1074,8.172555558186005,2.394441424428314,-3.0818649267155256,5.376078434720765
1075,-0.3927913029458621,-0.7597564743283124,-4.650311795861093,-1.9279232805059103
1076,0.30793666502304046,-1.949429182812288,-1.2627089469867814,-2.04732249761125
1079,1.9101992417437714,1.222943284906691,-5.81576036736796,3.2243772040259877
1080,1.3417742026156945,-1.1293547408422138,-4.819358480439635,2.772075422802704
1081,1.9780644477636173,-3.041756082031197,-5.50900528376468,-1.6012964314156082
1082,3.5297164414972118,-3.1306863965688065,-1.2826626454313361,-3.2633305095866265
1083,-0.44419801468428965,-2.8152392362709207,2.6397764422911068,-2.7655215611290096
1084,3.449231975876197,-2.3714657634086107,5.412184008356648,-3.407610129392647
1085,4.820100837933459,-2.6443014472978605,4.309227545212835,-0.9986498986104829
1086,4.301338711964943,-4.371508176124566,4.431950015981893,-2.2304497565970047
1087,3.0089649328300196,-4.181114606709451,4.504247897299308,-2.0403368550435395
1088,8.80262424160153,-4.5749686450799425,5.884991055874882,-0.19887071927075045
1089,4.654432024989386,-5.583551577517363,4.216256735170766,0.611107660625932
1090,5.793639369443777,-12.718035679855847,1.0187930331158819,8.177694384300413
1091,3.134109550117729,-4.059366984244541,1.5366477132038157,-1.5115308267283813
1092,4.050969055323857,-5.810718010892737,0.8385129447032886,0.41058110386705216
1093,5.267853006048675,-3.3756858877925144,-0.9001185889762624,2.255341471866571
1094,5.423364323296728,-0.10967748499913232,-0.7815584301315415,-0.6436959379596978
1095,8.035800304705809,-6.053798001987913,3.426228922128837,2.1947865311581705
1096,3.9305063259497666,-2.2757901970559464,-0.5703129677815654,-1.474067592209542
1097,3.9627609257375656,-0.26019024157913223,-1.3279085270042468,-0.06499400040899508
1098,7.9858379109477955,-2.1291953553378824,7.524284265133558,-1.4911825227388826
1099,6.6084086395891015,4.573699712610288,-0.6756495559308603,6.937185096733879
1100,-4.396603582691948,-4.58843736547085,3.644224338861918,4.775844137280808
1101,4.341611550777548,3.795429789145839,-1.677733993842516,6.6733507052156025
1102,0.9054926763791595,4.295073962503942,-5.690912229574258,5.103692359342732
1103,0.6680618289457882,-0.5398513329429241,0.07333109517130963,3.1815432487241235
1104,-5.86216805841785,2.2275729433213534,-2.3991552949460666,4.83506157643341
1105,-2.952696546199532,-5.576455747296634,5.00356591456033,1.0614366456107973
1106,-3.416361112895597,-4.959056811852332,2.7101449242564306,0.9278950759841723
1107,-4.396157892738877,-3.666475697479343,4.722099501482411,0.5357536864329748
1108,2.273644763364571,-2.4902888635856346,0.7084250175931531,-2.497094981976523
1109,3.185944537757827,-4.059005679429042,0.18638766435769102,-1.4264896351490233
1110,2.3933836400309993,-1.4231729566770417,1.6672044140325761,-2.540874861444194
1111,5.283564837619635,-2.9951772971052115,1.545583653061999,-0.5896215594874322
1112,4.601938080056431,-3.062043556260445,-0.4119898080915078,-1.2171160139423802
1113,7.30536908037313,-5.36445089942179,1.559073158224891,1.9812028992489294
1114,2.8530634867071996,0.7160550831713411,-4.308636463273932,-0.17611506768601873
1115,2.699628979640499,-0.8123558979407021,-2.222234592934054,-1.3293096235905613
1118,12.97555158255188,-1.6877288396736385,4.453731551020477,-1.3680624359941755
1119,10.125371201707894,1.4177635992883797,5.634880256356358,-4.513982152592586
1121,14.186043441448032,-3.3596648523617896,6.740197749436026,-1.930086772315512
1122,6.610552160031772,-2.190168046721207,5.686585928468672,-3.7162415096878685
1127,2.9772052432848377,-5.587077555182249,-3.172243829113211,1.7292580476523165
1128,7.895689739052016,2.234743191752994,-4.880799568456818,-2.451362408261753
1129,6.598714000678996,2.092734919497413,0.46717197659336607,-3.103877295309267
1130,3.1136533693213817,-3.8126198938762146,-4.583421164575511,0.8448425344375728
1131,-11.145004609752387,-1.848888904003978,1.3708458578165326,-4.576441065218163
1132,-11.130160388622471,-1.6111449474007984,1.8019634572676322,-4.726569009697075
1136,0.22491351646016708,-7.104380126671286,0.10556197698278721,0.37443551892917315
1137,3.9571131940955744,-7.188296194521802,-1.5162492446450424,0.47598265260295747
1138,0.4917814556673802,-5.552052956936865,-2.3151181363556286,1.5772425748931396
1139,2.0958783739842444,-3.852287821578436,-3.7326504862536716,2.146826637597094
1140,1.21014672322411,-4.555144121681194,1.1594965098076768,-2.160541594508371
1141,1.465276790228263,-6.3383310398592565,1.1131031219126313,1.846900463500157
1142,7.640550149111841,-6.944715248613856,3.0880468983830136,4.903373854553391
1143,3.062129192273769,0.08905533328318872,5.736596783239925,-0.27659546774592764
1144,2.6278505368513603,0.6278453044666943,7.109169481219923,-5.041176691344867
1145,2.4402306278979458,-0.7723187765959733,5.075900029641856,-3.876189467840498
1146,1.8900611861994316,-0.3309936633929078,6.276083821440094,-5.310705850239476
1147,6.214271616029705,0.15590861020779542,4.896809037764544,-4.115658917063159
1148,7.779072877675669,-1.5473326767349018,4.2008099852062895,-3.0320108726850763
1149,8.395790325253621,-3.581969334303859,3.9428216160318468,-2.45332517279539
1150,8.39115201850682,-2.2113100508596006,5.720089364689724,-3.3277256037670804
1151,10.467756728771556,0.8388363284427286,5.516220624138964,-3.48800032221755
1152,7.358175895726873,-1.3576643732709563,3.8319914332376794,-3.3588463674203473
1153,9.238225118547149,-0.18123571088451296,4.657215590520341,-3.6652240206891107
1154,9.706195304711606,0.4948484004302381,3.179606985465039,-2.2278113316509067
1155,7.944997373494561,1.5714567053311697,2.777804453461275,-2.22403308798128
1156,9.27451418811308,3.23955294303424,2.136195844749364,-1.3368760744982158
1157,7.51553737964329,-0.2098078271565664,5.156965120800136,-3.146397071860177
1158,7.757917773358056,0.11687672676141232,4.61634210916199,-3.2237911521057105
1159,9.031650425696014,2.401619883632958,2.5167189009678594,-2.015343886891322
1160,8.067831623506251,0.6290409174339952,2.97399948789114,-2.7535472442423754
1161,6.985358907644997,0.020708634520578813,4.331845054501604,-2.8509742939313605
1162,9.097773811748388,0.8391889060344028,3.661057557882789,-3.1454701551362483
1163,8.75592641446129,-0.6958434168509829,5.580653165957202,-3.552188470243275
1164,9.730118364868497,3.6697761260736845,-11.357845763080562,0.724931535808807
1165,9.926033456440859,8.234738415448655,-14.949281521803767,1.9476882773580038
1166,10.12662949512641,16.147688887993464,-3.1635977878219084,0.8390138812431538
1167,2.328739667972518,9.845110986166173,-4.726893042173013,2.8439033162955014
1168,4.793833306297307,1.1830304314219964,-7.815095701032806,-0.8793896501760053
1169,7.53017631831942,7.215337336508746,-10.034746990850053,-0.5516929778690902
1170,10.280065855182169,11.275389807245833,0.9312966960266871,3.8839622045500297
1171,2.090170620548497,9.890288817102237,-4.838271883232728,2.9318822197144487
1172,10.738927225910414,11.395468522022249,0.8760279689718758,3.8191232470236467
1173,8.851364521375922,1.5235030294956093,-7.079034500737604,2.337602885563993
1174,1.629248077675779,8.466889860956496,-4.147595767787418,2.03897055364466
1175,10.232564883956279,11.215563084811146,0.8987835340016841,3.8747660855307413
1176,2.8330256637364117,9.139472108681245,-3.9865421586011456,2.2452801328536856
1177,4.833334530086786,2.5499429300889243,-10.593952029853563,0.7022947579957618
1178,4.875302717018208,3.4626855017883664,-10.065987083185007,0.0009999784692350587
1179,7.382330116118981,9.856543940011006,-3.4088790772264654,1.8787248998767105
1180,4.83710770479061,11.262894150163111,-6.3413904279735505,2.319091391776924
1181,2.674646509912121,1.8643829235487661,-8.454337901984427,0.3656343838870365
1182,3.2593196643271405,2.5709651243338034,-10.369545157736061,0.1965174944093569
1183,10.221780497225238,9.541322280712311,1.862265407414282,2.942404518235607
1184,3.8361457269336205,2.3405757243591805,-10.630003591353326,0.33196755722952564
1185,3.7405641789040875,5.5182087687906956,-9.14768719086797,0.10671228612972097
1186,9.149860514742096,9.608724242858303,1.369143607133607,3.0385537556322633
1187,3.649902985732625,0.704811149063411,-9.912559542992685,0.6836283164359536
1188,3.7425064937018853,6.15263837480371,-13.18324844532621,0.6898883810858782
1189,5.547580769138943,3.873577126471084,-7.840392295695928,-1.3185706077886534
1190,13.16502401536895,-4.646763953466221,7.928846115551181,3.0371701293671345
1196,18.165729834011245,6.015757318770324,7.206511027133174,-2.253312269160166
1197,12.546164703212824,-4.229181844172208,2.831261702123828,1.1495722735143739
1198,2.598778922307094,1.1214937437557977,-2.985105859131652,-3.067686577163028
1199,3.0902690275535893,-1.2904797747796057,-5.97783081073253,-0.6073736925403211
1201,9.676598764209423,-5.647704429038079,-0.9598596886974812,4.220473177636358
1202,7.6795712913258845,-5.307346413340148,-1.442907236982696,4.474311639826901
1203,10.11367018296109,2.6959382410911483,-3.416451189910318,-3.3751238010732685
1204,5.002214328942138,3.034055437083263,-1.9102299023071156,-3.7670269658499396
1205,4.385494346589976,2.2764649083226,-3.849604133849541,-2.818489335457648
1206,4.213697108277975,2.243876691143422,-10.504218257491324,0.8595898437060345
1207,4.696392377745641,6.643896774381045,-14.266131974617418,2.088145650525161
1208,3.055203454244341,5.876630801222058,-9.834615668194465,0.835929097488549
1209,0.8138999746728004,1.1214636516861205,-9.482092572902488,0.855910257256378
1210,2.631351496107911,-2.797707706372088,-7.352720858891923,2.470837318615724
1211,2.196627496238095,-2.643984949307147,-5.429354848334145,2.0136121498680954
1212,1.449375394590727,3.135046250074275,-2.024652838434734,2.1216706560561263
1214,5.20061227359336,-3.6371469958103995,-1.1487424624492173,2.5733134629315355
1215,1.5110092823001644,4.982340894912577,-1.1855946035212548,-2.9446741264507903
1216,3.5723747050289343,8.468971457283445,0.6980711173938439,4.197137364050642
1217,0.23594908926829727,2.8063901102061988,1.17591329538334,-5.271862024941833
1218,1.1694933410648234,0.8954601193930734,-7.742909336892714,0.2366517299568684
1219,5.904392401777526,-1.8838192669854188,1.5812590300836753,-1.1744414469147693
1220,5.188820640738383,-3.7744298682673345,0.348356240872956,-1.446060095688597
1221,1.9768592245577385,-2.5125324507617637,-0.25550898119380266,-2.3812577630346365
1222,4.376860929384029,-0.739939492044979,5.797535851948553,-3.5647050331457284
1223,12.942671614945048,-4.7124480118021355,8.738478494548213,-0.22425415100134205
1224,4.807080089113005,-5.2058027494887105,4.919333857549657,-1.3846363374613941
1225,6.013560873032646,-3.172092283009833,-6.279463745747772,-0.6283280122769183
1226,8.099039199645544,0.6735198086176024,-3.9678638461795592,-0.6778075340915075
1227,1.391799001105123,-4.288713320686605,-1.6547700356929942,0.293338534337596
1228,5.546765894687493,0.4206980952215144,-4.160387583534706,1.3185768555962996
1229,7.488135467646778,2.1483780889398454,-6.134561232068543,1.4542901521416265
1230,6.061818617378639,4.311158329763489,-8.59208063603298,4.236760751124932
1231,6.376953861977059,4.007052818191409,-9.210994536952379,4.631150668275703
1232,18.541458605642465,-1.900655901820487,17.051825481366354,-1.7009768006452528
1233,21.215709762057514,3.3706453315386153,12.917896712747323,-2.09059988075334
1234,17.977214964189486,-0.4442161246746849,13.003071244832173,-0.4994579853809564
1235,19.45868556166836,2.414626681842532,7.338582666255289,0.9177252068241791
1236,18.900120823845043,2.3022173884960258,5.742682554001857,1.8741018694205964
1237,4.772205908326087,2.3111205343053625,7.025188206448326,1.1500805450188174
1238,4.02900275454636,-1.5049829030310293,3.4930285021384075,1.728283909071456
1239,6.40567802795551,6.217250142135784,-5.325790037367984,3.047243658867292
1241,4.095229181149458,5.192101368715587,-7.010332528966941,1.4643570731690045
1242,9.411912225782366,-0.19100695007609408,10.608580966161295,-3.313156564015583
1243,0.7327698034398346,2.8524522832311128,-0.2621081918824853,-1.6261130543081261
1244,6.8805178861829175,0.6859046851577648,4.422624770404805,-2.441836326371939
1245,1.1363497986238902,8.852120820056568,-1.2860446451083947,0.645643294852272
1246,1.2548923862910224,-1.1305774787063352,5.9300109642372805,-0.8784810228808364
1247,8.53821212937478,3.1985692148444533,-5.337974197150511,0.48508168273245383
1249,0.2133856142328798,-1.2550295673647642,3.1755310009261977,-3.7509275280810175
1250,2.7275628329483506,5.118731339658279,-0.23607610879332616,2.6209434644378247
1251,-1.1148973713284431,6.5526707143558856,5.354264277760313,1.0717939728483874
1252,16.340433268767725,6.722990508799047,-1.3947099154531086,-3.4548058226149334
1253,6.672970841886315,18.03797687810014,-4.487890766394174,4.6277619384979705
1254,2.9860753885338704,9.200588442701099,1.8635662876997015,4.794852185939667
1255,7.214643216843847,9.255754458382707,-1.481819824780966,2.2585685341738
1256,1.4508956551548275,5.892651294703634,-6.2321434851363176,-1.4521536520487404
1257,1.453577306442649,4.483563983660279,-4.715697030484943,-1.4449515351316171
1258,1.9592526489080242,4.9876495975038555,-6.268738308143914,-1.9742588087584514
1259,11.87173300781251,15.678997872882901,-5.639162587970019,1.8556521113920075
1260,0.4786117467479427,5.653696210693942,-1.2945677667076751,2.367420539474216
1261,3.6233745207901737,2.852124348088312,-7.150334299520755,-2.0193489102395823
1262,0.6176587338293678,1.5411208122154,-6.893796993951074,-0.14842431555384622
1263,5.771022143643484,2.4096336646728234,-3.491804224270362,-1.7544633457185241
1264,5.847261771946334,3.5517638108402125,-6.89887777593193,-0.5997124684403039
1265,-1.153277090839524,-1.2239032928595166,-2.4052677855562083,-2.116853161895508
1266,-2.400776980609067,-0.8884887474109068,-0.0003896482324787415,1.1898415178144155
1267,4.617963839719521,5.596974569216618,-8.827502094511415,0.3217085164344554
1268,9.552545180909382,9.173944785446377,-5.893355738944674,0.02199222824294674
1269,6.835792173164111,1.998444845944125,-3.1245217043215883,-2.051155074782255
1270,-1.5950967542585455,2.8404753485049166,3.5817417160131915,1.643103546611091
1271,7.8002101777539,0.14468185099880435,11.082214659155765,-1.006098464811694
1272,-0.357368622410185,3.0195124055716676,2.9928841691740735,3.9584884949681514
1273,3.250970848698855,1.7927946549995928,3.2530848370743204,-1.8993424054586292
1274,9.02713131320542,-15.630332676901903,-0.03526210627243068,6.153437839726325
1275,13.542665081259074,-10.785889997662482,-1.4497886850206243,6.909770781977904
1277,5.184429487851107,12.64757407398131,3.7862836986916677,1.82153321692302
1278,11.41312534751603,14.676593076031484,7.0134841116683395,0.252334762858903
1279,13.196213972708792,4.603488819641702,1.5605382848347986,-2.421950305214688
1280,11.93276734237477,-1.0462051620698998,4.747723296056995,-3.5224201907839463
1281,15.249524538121008,-3.3209378733929,4.009835188276736,0.781010495901034
1282,-1.9400448476846317,2.0760648936225077,-8.540315326175929,0.29725195576634833
1283,-20.284094270939256,-0.06108740362372626,2.1152250347162806,2.712945257656704
1284,-22.385495548612788,2.534663165272402,3.221069154305962,5.9864917072989545
1285,-16.42534558845384,1.2356641671873356,3.5669276128508858,1.901698742280615
1286,-20.004621008561557,3.4176462602284694,4.298389629184021,4.952484721609444
1287,-12.786584626314196,4.964867203968148,-0.588673872463189,6.4649732925642995
1288,-17.20717814990049,1.6697683101113452,2.902773667904315,6.400711062357379
1289,-13.739839134096554,-0.38579951752482405,2.381076833306073,5.072620434733813
1290,-19.290106040945783,2.1235558814835347,2.4862222036252453,5.75241534628059
1291,-17.715093224783548,3.8555894211350465,4.708549723206198,3.7575620676540415
1292,-20.705557376870097,4.432218912310115,4.606401670511384,5.126551311843353
1293,-25.111275118463453,3.1705206182010133,3.342120447476608,5.82955398066142
1294,-24.942836211677328,1.4144371414876131,2.236607795395645,1.5046562496487548
1295,-5.690404389746341,-3.8615152617675093,-1.7838045514154315,-2.7114389482915726
1296,-11.202499077148655,-0.09365375027707878,-2.1913700408471377,-5.649320172787439
1297,-11.475890873809906,-5.6787646668192355,0.29870368193549107,-2.217331088049176
1298,-16.333567081385315,-2.074447417827495,-0.29034084482592887,-5.231991237588726
1299,-25.62696784796038,-3.2124268188160072,1.2357113610869186,-7.381427697057218
1400,6.049717677075562,1.23029839997318,-8.845100534389692,-1.8700595658833379
1401,-25.60700605070185,3.5711936945735694,3.6554825078250976,6.885169855057759
1402,-5.841278723069685,-0.025428978090540767,-3.2282913618214817,-1.6143915779746574
1403,-6.0696381942625495,-2.3623098154211006,-4.279989856022921,-1.444404081981973
1404,0.20411689345485487,-2.255110127853725,-3.4689873821571275,-1.5869970890870695
1405,1.4642974311431796,0.5116151609331967,-4.129155691103831,0.5022245198328953
1406,-2.8875576824750997,3.4559337019092236,-4.5459703161021725,-1.2482633228443951
1407,-0.8619943039243613,-2.9456236787895116,-6.0055243778246385,-1.7789327887808024
1408,0.23559195505265704,1.511779626996655,0.22409404397165555,-4.127466885164771
1409,-2.968349457398571,-2.3297801244909904,-5.713849654126383,-1.6243073811304194
1410,-4.9643360178159375,-2.275149568286234,-5.0972024522344475,-1.5188313105861022
1412,-0.3980332977210576,0.02178349730819939,-7.626847317801654,-0.706547692422732
1413,-2.1378014646463064,-1.6468026306215182,-1.4051320052259333,-2.9143358410045566
1414,-6.807462590591157,-3.358902148522003,-3.3593168123076578,-1.004052128729295
1415,-3.8349035725295373,-2.08576519066282,-5.798978104467917,-0.9040344437055262
1417,-2.899927139110362,-0.2807835313915158,-0.32398377198757805,-3.306698607350494
1418,-14.242679870481878,-0.07743791756568401,0.10887508529643176,-3.4810807409920064
1419,-2.123908609361806,-1.8527846554735004,-4.862397716491542,-1.533905964042474
1420,-3.654671808877854,-1.7535733184622333,-6.651454808105087,-0.34995895643573605
1422,-3.21749656265219,0.031133358068288944,-0.6474268392717618,-2.9966089672862606
1423,6.7759378944638025,-6.8346093424600465,4.879555017011023,0.9916294068278534
1425,-2.010890499673106,-3.510435537774433,-5.510214300906105,-1.0634127565329057
1428,11.864787370198655,4.412569096663612,-8.451449094146941,-2.0791422511109574
1430,14.365194196475176,-1.165440530445301,-11.9277234753539,-1.1573256326766694
1433,0.3815495530671336,-4.373171779807705,-2.978466280233087,-1.0147921284618457
1434,5.064621377127892,0.4493988916938655,-0.32273971225120424,1.4829552693523886
1435,5.108643938514883,-3.2244359755884826,6.471234375356596,-3.6315532962999124
1436,7.261210872238066,-0.9454088738452281,2.116352888944248,-2.6195881562276098
1437,7.0512387167259885,-0.9059274825256537,8.104922393153856,0.45866473610844205
1438,-7.976381078660682,-5.343974792034071,0.7239677308523836,-2.8343188705093296
1439,8.830055198985441,-4.994318005554501,5.202310397511745,-0.0022501453400117465
1440,-3.490265643916939,-4.365405817237442,3.4861024694581837,-3.874503624138601
1441,0.2205002557181984,2.211960275193943,-6.828419279932364,0.6745145480858964
1444,2.72455923373917,2.3236409916619767,-7.061511795042681,-1.3083283071713103
1447,2.066396281842197,-8.024692970268967,-3.27778774035632,-7.7961691043507315
1448,12.637671368277193,14.79996804077037,-1.8019914376886204,5.069160854776997
1449,1.412692189135526,6.728862903845878,-0.18712266585170503,6.391051762764675
1450,1.423662738687473,7.161164569189873,1.9629573515970016,4.129960677634468
1451,-13.865048596986137,0.8960018411872769,3.219594949578266,1.5822896193495002
1453,-9.575305064823747,-1.1180399816204403,1.6537627217337456,2.939650855730162
1454,-2.254241763500864,-1.479572516283929,1.332277722461129,-0.7700259937342436
1455,-5.237944723375151,-3.7593414630950788,-1.7767097295824263,3.305165988658829
1456,-4.265945750441614,-8.817701730493159,-1.3598480723203434,-0.5616172078909247
1457,-6.829783749362823,-5.182007987913633,-3.9935989292426117,-2.1914487328689978
1458,4.994902591371939,-1.7148777663610952,0.07903929642546073,3.0618675745908424
1459,5.873628269818864,1.0893337344623006,0.08096030066900936,-2.9526018827834846
1460,6.542533187204157,-2.073533110292909,-1.6801607932671172,-0.43019062402974423
1461,6.220878913553817,-1.346487401795043,-0.7251832360327233,-2.0581475093387542
1462,7.918291687130183,-0.21945892253057997,-1.9058099978225829,-1.8417119669920845
1463,8.086078293753364,0.7039803035799602,-0.6756232899368892,-2.2693207220532092
1468,-1.7394025019087203,-2.106854114599878,-3.864918011584705,-2.0338435713796823
1469,-5.468676499171131,-4.185234618086682,3.6515905081728746,-3.943703558145007
1470,-5.217394749069944,-4.391629773719024,5.215934566555668,-3.6825608248323545
1475,-6.323729545048309,1.793611420428781,-2.3658677304808435,2.0824555539246226
1476,0.943335204456426,4.6139775281560045,-0.16477942919666877,0.5004996202523937
1477,2.0367097106799332,-5.43532294815012,-2.4141869874293223,1.8938043912119245
1478,0.4590512439106056,-5.115317152806986,6.1980337218004955,-1.5760822057885737
1479,-2.0346990506915215,6.81967635847013,1.93104113426979,6.907995840157256
1480,-3.3404213393373405,2.4218150366379927,-0.8951810215827788,3.926440681825192
1481,0.10720959290290437,3.027698374357634,1.0258178836507146,11.706595194340467
1482,-1.3146795857236888,-0.8141212111651331,-1.4408900528421769,8.882503345360762
1485,-8.65401145780762,3.0355373642469026,-3.9465514885932205,-5.98606617945941
1486,-8.536794155498939,2.4293379902218257,-3.2049694519706167,-5.602855510169329
1487,-8.605148934220226,1.9377433728148412,-3.1430671151812124,-5.7834849316268
1488,-4.478880391106851,1.3445998529536405,-4.60521507678704,-4.405940518650172
1490,-12.730126650897025,0.12390570565984241,-2.1491852139369994,-5.086080563279963
1491,-14.169874355794306,0.2010553731552787,-1.7400666456070097,-5.55942041926122
1492,-15.809969788294609,-1.9080917070759214,1.4389408250042937,-5.629066643553325
1493,-18.949116008173483,-1.1156745915026796,1.3186028904014533,-6.831139195486706
1494,-13.326320011963789,-3.0662254122734796,1.5592612270925272,-4.304487608485121
1495,-17.284448121635062,-1.529569864034166,0.6258423749010603,-6.042948264311594
1496,-19.192929434597875,-3.3695457644173334,0.40285411469757193,-5.128951765070243
1497,-21.06944824072838,-2.7029570882405207,0.49938817102714844,-6.17938658619658
1498,1.7974709937329876,-0.8703877007760028,-5.93055634033727,-2.7195447887085393
1499,2.7098733263701944,6.514178308951819,-7.300665004954798,2.2470579999201474
1500,1.8247249783642947,-2.726626753514337,-1.2644635204720995,-1.2205775232929166
1501,1.0532601571788636,-0.243313630811023,-4.7791750365720675,-1.1196856380674496
1502,3.328889789642888,1.619033723804866,-4.523500627228989,-1.2601508296233486
1503,4.928941327615111,2.967868364266296,-5.141796133899194,-1.3714928014817251
1504,-0.8834244771601718,-3.524744090550699,-3.5895225750393434,-1.6586620249892443
1505,0.5871349242907246,-3.460045288821293,-3.7318607896621483,-1.7437011831681528
1506,2.904820879036407,-0.5959739201822081,-5.026131738151741,-1.5589072739989156
1507,5.425366926017132,-1.5580455209791622,-5.0008360318477205,-2.065597002944698
1508,1.5693968778551974,1.4773685605110747,-7.461016744685016,0.44769555233665814
1509,3.3153576514951157,1.5758168703883502,-7.1429685853429,0.9043306502176408
1510,2.793192641901315,-0.03518168153687812,-7.158831556054096,-0.8875253137047423
1517,1.2022550155325082,0.8269656847782134,-5.930854040512212,-2.6749773692129133
1518,-13.091631146212286,-2.076139857674422,1.9062676603092301,0.4708247151888851
1519,-20.35206417537898,1.3218433012872677,3.424580303650751,-2.1193055403613212
1520,-9.608317036385017,-4.607325291747365,-3.3058261651547154,-7.7673481897774685
1521,-17.571405208185695,1.1831529218975196,1.966595294094035,-4.811222270421694
1522,-9.870619552491554,-2.255521872022565,2.690314378391153,2.4872313602239116
1523,-12.168878369781146,2.0014332784222466,3.235110033957928,2.3573535899737155
1524,-9.950837108346771,-0.7007958564090977,-1.619723926756364,2.360369731888524
1525,-18.138123809115935,5.134385123503204,4.0221532832388665,5.252290842414032
1526,-5.28372153517081,-5.858649827928058,-1.7247199070653465,-2.660609916191381
