Reaction_No,substrate_pair,Ligand_Short_Hand,Catalyst_1_Short_Hand,Reagent_1_Short_Hand,Solvent_1_Short_Hand,Product_Yield_PCT_Area_UV,row_index,model,label,y_true,y_pred,y_std,lower_95,upper_95,incumbent_yield,expected_improvement
390,1b_2a,CataCXium A,Pd(OAc)2,NaOH,MeCN,96.38,261,M0_vbur_vmin,%Vbur(min) + Vmin,96.38,99.97944924546394,12.790415042001637,74.91023576314073,125.04866272778715,96.89,6.50157700969139
387,1b_2a,AmPhos,Pd(OAc)2,NaOH,MeCN,86.82,258,M0_vbur_vmin,%Vbur(min) + Vmin,86.82,97.64579753882289,14.45929129598031,69.30558659870148,125.9860084789443,96.89,5.897224051778603
1494,1d_2a,CataCXium A,Pd(OAc)2,KOH,MeOH,95.06,997,M0_vbur_vmin,%Vbur(min) + Vmin,95.06,99.27659387539778,13.86257867339784,72.10593967553801,126.44724807525755,98.69,5.5737735828133985
1926,1d_2b,CataCXium A,Pd(OAc)2,NaOH,MeCN,94.39,1285,M0_vbur_vmin,%Vbur(min) + Vmin,94.39,98.75276582716285,12.987541901904196,73.29718369943062,124.20834795489507,98.42,5.098092030354821
1998,1d_2b,CataCXium A,Pd(OAc)2,Et3N,MeCN,94.32,1333,M0_vbur_vmin,%Vbur(min) + Vmin,94.32,98.02904200884765,12.631851236024206,73.27061358624022,122.78747043145509,98.42,4.606430440020563
1358,1d_2a,P(Ph)3,Pd(OAc)2,NaHCO3,DMF,89.45,905,M0_vbur_vmin,%Vbur(min) + Vmin,89.45,94.80776758271838,15.918460667531203,63.60758467435723,126.00795049107954,98.69,4.398563569445697
842,1c_2a,P(Ph)3,Pd(OAc)2,Et3N,MeCN,97.45,561,M0_vbur_vmin,%Vbur(min) + Vmin,97.45,94.57938153184944,15.863455122985481,63.48700949079789,125.67175357290098,98.53,4.350743658249339
1923,1d_2b,AmPhos,Pd(OAc)2,NaOH,MeCN,94.83,1282,M0_vbur_vmin,%Vbur(min) + Vmin,94.83,95.44549708768214,14.434752007060476,67.1533831538436,123.73761102152068,98.42,4.187403681434509
1106,1c_2a,P(Ph)3,Pd(OAc)2,KOH,MeOH,93.94,737,M0_vbur_vmin,%Vbur(min) + Vmin,93.94,93.93925864799837,15.700191112102061,63.166884068278335,124.71163322771841,98.53,4.04450331786048
722,1b_2a,P(Ph)3,Pd(OAc)2,KOH,MeOH,92.61,481,M0_vbur_vmin,%Vbur(min) + Vmin,92.61,91.77354892058653,16.156047936695824,60.10769496466272,123.43940287651034,96.89,4.022695071746251
690,1b_2a,CataCXium A,Pd(OAc)2,NaHCO3,MeOH,86.98,461,M1_interpretable_5,Five interpretable Kraken descriptors,86.98,105.36770216300486,11.174215993393089,83.46623881595441,127.26916551005532,96.89,9.536918942060876
1998,1d_2b,CataCXium A,Pd(OAc)2,Et3N,MeCN,94.32,1333,M1_interpretable_5,Five interpretable Kraken descriptors,94.32,104.28863631428041,11.446661549644528,81.85317967697713,126.72409295158369,98.42,7.744127735622067
390,1b_2a,CataCXium A,Pd(OAc)2,NaOH,MeCN,96.38,261,M1_interpretable_5,Five interpretable Kraken descriptors,96.38,100.1383611520072,11.520962753842232,77.55727415447643,122.71944814953798,96.89,6.100542314059883
1926,1d_2b,CataCXium A,Pd(OAc)2,NaOH,MeCN,94.39,1285,M1_interpretable_5,Five interpretable Kraken descriptors,94.39,101.42384798165654,11.57145043237068,78.74380513421,124.10389082910307,98.42,5.975915870347771
1206,1d_2a,CataCXium A,Pd(OAc)2,KOH,MeCN,93.12,805,M1_interpretable_5,Five interpretable Kraken descriptors,93.12,100.94317073968134,11.705815031697012,77.99977327755519,123.88656820180748,98.69,5.598807568080593
2066,1d_2b,P(Ph)3,Pd(OAc)2,KOH,THF,77.32,1377,M1_interpretable_5,Five interpretable Kraken descriptors,77.32,96.65257558328196,15.56557655442441,66.14404553661012,127.1611056299538,98.42,5.14182222408696
1298,1d_2a,P(Ph)3,Pd(OAc)2,KOH,THF,65.45,865,M1_interpretable_5,Five interpretable Kraken descriptors,65.45,97.41057390847939,13.972974247567691,70.02354438324672,124.79760343371207,98.69,4.72983749628343
2077,1d_2b,P(tBu)3,Pd(OAc)2,LiOtBu,THF,93.55,1384,M1_interpretable_5,Five interpretable Kraken descriptors,93.55,98.76891225093716,11.635256644899913,75.96380922693334,121.57401527494099,98.42,4.566643286479067
1358,1d_2a,P(Ph)3,Pd(OAc)2,NaHCO3,DMF,89.45,905,M1_interpretable_5,Five interpretable Kraken descriptors,89.45,97.4888680429238,13.198683375211147,71.61944862750995,123.35828745833764,98.69,4.458621054505268
726,1b_2a,CataCXium A,Pd(OAc)2,KOH,MeOH,85.46,485,M1_interpretable_5,Five interpretable Kraken descriptors,85.46,95.91309229497523,12.771919556291518,70.88012996464386,120.9460546253066,96.89,4.390833692069332
1072,1c_2a,P(Cy)3,Pd(OAc)2,NaHCO3,MeOH,89.13,715,M2_all_kraken,All cleaned Kraken descriptors,89.13,108.86410307569359,16.0094620876739,77.48555738385275,140.24264876753443,98.53,12.472357764253193
1125,1c_2a,XPhos,Pd(OAc)2,LiOtBu,MeOH,82.88,751,M2_all_kraken,All cleaned Kraken descriptors,82.88,109.06230172898108,14.068021383302492,81.4889798177082,136.63562364025398,98.53,11.998021755797206
1298,1d_2a,P(Ph)3,Pd(OAc)2,KOH,THF,65.45,865,M2_all_kraken,All cleaned Kraken descriptors,65.45,102.23770990081317,15.28318374559417,72.2826697594486,132.19275004217775,98.69,7.7417939155136075
2209,1d_2b,P(tBu)3,Pd(OAc)2,NaOH,MeOH,80.02,1472,M2_all_kraken,All cleaned Kraken descriptors,80.02,100.3259494495907,14.210432324261973,72.47350209403723,128.17839680514416,98.42,6.39984114465161
4558,1a_2c,XPhos,Pd(OAc)2,LiOtBu,MeOH,59.08,3039,M2_all_kraken,All cleaned Kraken descriptors,59.08,52.17096987475581,13.373376167986418,25.959152585502434,78.38278716400919,49.99,6.217780963297024
1926,1d_2b,CataCXium A,Pd(OAc)2,NaOH,MeCN,94.39,1285,M2_all_kraken,All cleaned Kraken descriptors,94.39,99.56501651649417,13.38693758727652,73.3266188454322,125.80341418755614,98.42,5.669321737151262
4544,1a_2c,SPhos,Pd(OAc)2,KOH,MeOH,41.19,3030,M2_all_kraken,All cleaned Kraken descriptors,41.19,49.65733460871371,13.939535378406493,22.335845267036984,76.97882395039044,49.99,5.154655783269801
1494,1d_2a,CataCXium A,Pd(OAc)2,KOH,MeOH,95.06,997,M2_all_kraken,All cleaned Kraken descriptors,95.06,97.5273614197014,14.397444505755681,69.30837018842027,125.74635265098254,98.69,4.950686804831233
2022,1d_2b,CataCXium A,Pd(OAc)2,NaOH,THF,92.59,1349,M2_all_kraken,All cleaned Kraken descriptors,92.59,97.60249690377717,13.764173949551553,70.62471596265613,124.5802778448982,98.42,4.857495720587964
1456,1d_2a,P(Cy)3,Pd(OAc)2,NaHCO3,MeOH,92.43,971,M2_all_kraken,All cleaned Kraken descriptors,92.43,96.46843352937839,15.105916878423935,66.86083644766748,126.0760306110893,98.69,4.7631491925702365
690,1b_2a,CataCXium A,Pd(OAc)2,NaHCO3,MeOH,86.98,461,M3_pc_top3_each,Top 3 loading descriptors from PC1-PC4,86.98,107.44355541426748,13.046841204300456,81.87174665383858,133.01536417469637,96.89,11.704864259165308
726,1b_2a,CataCXium A,Pd(OAc)2,KOH,MeOH,85.46,485,M3_pc_top3_each,Top 3 loading descriptors from PC1-PC4,85.46,99.16990133849308,13.908034310494319,71.91015408992422,126.42964858706193,96.89,6.483828317668737
390,1b_2a,CataCXium A,Pd(OAc)2,NaOH,MeCN,96.38,261,M3_pc_top3_each,Top 3 loading descriptors from PC1-PC4,96.38,99.94913815829582,12.035795137907598,76.35897968799694,123.53929662859471,96.89,6.189290281352823
2066,1d_2b,P(Ph)3,Pd(OAc)2,KOH,THF,77.32,1377,M3_pc_top3_each,Top 3 loading descriptors from PC1-PC4,77.32,98.77042305841996,15.039535765634168,69.292932957777,128.24791315906293,98.42,5.92541496049569
1072,1c_2a,P(Cy)3,Pd(OAc)2,NaHCO3,MeOH,89.13,715,M3_pc_top3_each,Top 3 loading descriptors from PC1-PC4,89.13,99.49699622109713,13.828223485142805,72.39367819021723,126.60031425197704,98.53,5.753306690058896
722,1b_2a,P(Ph)3,Pd(OAc)2,KOH,MeOH,92.61,481,M3_pc_top3_each,Top 3 loading descriptors from PC1-PC4,92.61,98.08698810885531,12.920839859024795,72.7621419851667,123.41183423254391,96.89,5.510661188361381
1998,1d_2b,CataCXium A,Pd(OAc)2,Et3N,MeCN,94.32,1333,M3_pc_top3_each,Top 3 loading descriptors from PC1-PC4,94.32,99.81747584575537,12.649966144764468,75.02354220201701,124.61140948949372,98.42,5.5080398900013385
1125,1c_2a,XPhos,Pd(OAc)2,LiOtBu,MeOH,82.88,751,M3_pc_top3_each,Top 3 loading descriptors from PC1-PC4,82.88,99.27787322845349,13.420037233782214,72.97460025024034,125.58114620666663,98.53,5.478670086792029
1926,1d_2b,CataCXium A,Pd(OAc)2,NaOH,MeCN,94.39,1285,M3_pc_top3_each,Top 3 loading descriptors from PC1-PC4,94.39,99.73376495540978,12.066675816269132,76.08308035552228,123.38444955529728,98.42,5.231732378564787
1923,1d_2b,AmPhos,Pd(OAc)2,NaOH,MeCN,94.83,1282,M3_pc_top3_each,Top 3 loading descriptors from PC1-PC4,94.83,97.20297995419212,12.600606417140801,72.50579137659615,121.90016853178808,98.42,4.215002721670058
690,1b_2a,CataCXium A,Pd(OAc)2,NaHCO3,MeOH,86.98,461,M4_pc_scores,PC1-PC4 scores,86.98,104.58649857136857,11.633445048119295,81.78494627705474,127.38805086568239,96.89,9.100054871477775
722,1b_2a,P(Ph)3,Pd(OAc)2,KOH,MeOH,92.61,481,M4_pc_scores,PC1-PC4 scores,92.61,99.34349696139692,13.45984282330442,72.96220502772026,125.72478889507359,96.89,6.402904097439276
2077,1d_2b,P(tBu)3,Pd(OAc)2,LiOtBu,THF,93.55,1384,M4_pc_scores,PC1-PC4 scores,93.55,99.55080942816053,13.19877633456796,73.68120781240734,125.42041104391373,98.42,5.586967212818088
2066,1d_2b,P(Ph)3,Pd(OAc)2,KOH,THF,77.32,1377,M4_pc_scores,PC1-PC4 scores,77.32,98.07441400490649,14.718939212644186,69.22529314812388,126.92353486168909,98.42,5.458901409015651
726,1b_2a,CataCXium A,Pd(OAc)2,KOH,MeOH,85.46,485,M4_pc_scores,PC1-PC4 scores,85.46,98.19302712207534,12.385763555684512,73.91693055293369,122.46912369121698,96.89,5.353099950180412
1610,1c_2b,P(Ph)3,Pd(OAc)2,Et3N,MeCN,92.43,1073,M4_pc_scores,PC1-PC4 scores,92.43,97.44300011635914,13.497305479319554,70.98828137689281,123.89771885582547,97.25,5.232538691575573
1298,1d_2a,P(Ph)3,Pd(OAc)2,KOH,THF,65.45,865,M4_pc_scores,PC1-PC4 scores,65.45,97.38417118439617,14.178258071202103,69.59478536484005,125.17355700395228,98.69,4.799208899508296
1998,1d_2b,CataCXium A,Pd(OAc)2,Et3N,MeCN,94.32,1333,M4_pc_scores,PC1-PC4 scores,94.32,98.61465460936546,12.247778064663745,74.60900960262452,122.6202996161064,98.42,4.735002204498812
1202,1d_2a,P(Ph)3,Pd(OAc)2,KOH,MeCN,91.35,801,M4_pc_scores,PC1-PC4 scores,91.35,96.96070825562867,14.442151160762599,68.65409198053398,125.26732453072337,98.69,4.71544362441596
842,1c_2a,P(Ph)3,Pd(OAc)2,Et3N,MeCN,97.45,561,M4_pc_scores,PC1-PC4 scores,97.45,97.56955547387614,13.464207263918498,71.17970923659588,123.95940171115639,98.53,4.67278705622725
390,1b_2a,CataCXium A,Pd(OAc)2,NaOH,MeCN,96.38,261,M5_ligand_onehot,Ligand identity one-hot baseline,96.38,104.84650082203633,11.441371912315738,82.42141187389748,127.27158977017518,96.89,9.229123394344093
726,1b_2a,CataCXium A,Pd(OAc)2,KOH,MeOH,85.46,485,M5_ligand_onehot,Ligand identity one-hot baseline,85.46,102.16161319258427,13.8727153600674,74.97109108685217,129.35213529831637,96.89,8.244407186351017
690,1b_2a,CataCXium A,Pd(OAc)2,NaHCO3,MeOH,86.98,461,M5_ligand_onehot,Ligand identity one-hot baseline,86.98,101.60598494516275,12.957007235985586,76.210250762631,127.00171912769449,96.89,7.548337714821182
486,1b_2a,CataCXium A,Pd(OAc)2,NaOH,THF,96.57,325,M5_ligand_onehot,Ligand identity one-hot baseline,96.57,100.44272950779241,12.836863168084838,75.28247769834613,125.60298131723869,96.89,6.791663353570337
2077,1d_2b,P(tBu)3,Pd(OAc)2,LiOtBu,THF,93.55,1384,M5_ligand_onehot,Ligand identity one-hot baseline,93.55,102.75578411923138,11.575047201793987,80.06869160371517,125.44287663474759,98.42,6.7869238694720435
1610,1c_2b,P(Ph)3,Pd(OAc)2,Et3N,MeCN,92.43,1073,M5_ligand_onehot,Ligand identity one-hot baseline,92.43,100.32515923040874,12.554008374212403,75.71930281695244,124.93101564386505,97.25,6.400903727821041
1998,1d_2b,CataCXium A,Pd(OAc)2,Et3N,MeCN,94.32,1333,M5_ligand_onehot,Ligand identity one-hot baseline,94.32,100.7027665140369,12.629499698403697,75.94894710516564,125.45658592290815,98.42,5.979939069512198
722,1b_2a,P(Ph)3,Pd(OAc)2,KOH,MeOH,92.61,481,M5_ligand_onehot,Ligand identity one-hot baseline,92.61,98.01574492577564,12.721576737107325,73.08145452104527,122.950035330506,96.89,5.394185570424018
542,1b_2a,P(Ph)3,Pd(OAc)2,LiOtBu,THF,87.78,361,M5_ligand_onehot,Ligand identity one-hot baseline,87.78,97.7996948311772,12.871544096130773,72.5714684027609,123.02792125959351,96.89,5.342451529909333
1926,1d_2b,CataCXium A,Pd(OAc)2,NaOH,MeCN,94.39,1285,M5_ligand_onehot,Ligand identity one-hot baseline,94.39,100.00047081822709,11.860654572212766,76.75358785669006,123.24735377976411,98.42,5.291571914368186
