,PC1,PC2,PC3,PC4,PC5,PC6,PC7,PC8,PC9,PC10,PC11,PC12,PC13,PC14,PC15,PC16,PC17,PC18,PC19,PC20
vmin_vmin_boltz,-0.04067306530540895,0.10981953552077278,-0.041338244207637334,0.13129977274451812,0.01620225287452453,0.03761220905936249,0.07083604441466985,-0.161689519448916,-0.05080475276331391,0.021807081831892255,-0.1262013562662472,0.02858889649020963,-0.048817396353129594,-0.0694674175542714,0.037648006097466366,0.0028639490591530125,-0.03406338822670174,0.018786409119222355,0.04083822849690392,-0.03549290610578986
vmin_r_boltz,-0.031976712086411285,0.09478640684095829,-0.029553152030867447,0.10669412842363274,0.0018462569981042287,-0.010933563724920964,0.07824560503453858,-0.2043882023918523,-0.05146909697671195,0.006859764445751235,-0.1408422415617171,-0.004695491678333686,-0.003288138952768159,-0.11781068871775718,0.06772318972672302,0.05844789612091804,-0.08985900140865065,-0.021348366371441704,0.031202626905766112,-0.010434612978711224
fmo_e_homo_boltz,0.0689854867747084,-0.08071910798533272,0.0076196971082009984,-0.0677526072028799,-0.037611461779186624,0.016743681811869943,-0.10389297138139231,0.17285287209727868,0.10574822371716046,0.10548013335323592,0.12799548764412924,-0.053338878784683796,-0.06688768899358973,-0.0004309165837007717,0.029180707234866852,-0.004687936771092307,-0.1316261785053618,0.050952116096704865,0.011047597407271955,0.008131259313720772
fmo_e_lumo_boltz,-0.05180416974357119,-0.06535314216846433,0.10796222610018481,-0.040589133625210716,-0.04397363518708567,0.06551254621802421,-0.012614193882904884,0.16657404679975252,0.08400804069998805,-0.10361920587349757,0.10029991610780403,-0.07706017927526845,0.08141754521630899,0.019900344946420248,-0.051889706022893466,0.20820992587326387,-0.07906588265063617,0.029285623028574882,-0.03532955044785291,-0.08977719274460301
fmo_mu_boltz,0.00013882147907651882,-0.09273117396310165,0.08355680646603869,-0.06735174183492454,-0.053145276311732374,0.05741570881715305,-0.06681043359189162,0.2181419528523193,0.12030213539943557,-0.017725299936600956,0.1445958965745167,-0.08616969702527708,0.022784595767657623,0.014385220574231888,-0.021969796836665945,0.15040785424467473,-0.13100279284495486,0.04974038863081817,-0.01984344285531725,-0.06146980856084995
fmo_eta_boltz,-0.09159224788164784,-0.003985559825289198,0.09019993183115249,0.009243074098248726,-0.013789124099036779,0.046673703012658274,0.057964082611090595,0.03202994249016011,0.0038010636224941703,-0.16158573344317032,0.003381498398044358,-0.03252551436442648,0.11632837320851894,0.017846947243090605,-0.065195168880053,0.18684531632724552,0.017770356825223432,-0.008044130092799487,-0.03852263698151813,-0.08462851403012912
fmo_omega_boltz,0.03340007271515529,0.07971758342476909,-0.10464212603735701,0.05270235635226955,0.06375060266599136,-0.06458417968821425,0.027136445520642594,-0.18250154285992476,-0.10095300062113176,0.06662898784199514,-0.10461508350324197,0.09637404866597381,-0.05130480963521415,-0.008635987849934745,0.030016835862358246,-0.1808235462049285,0.09212359295989614,-0.035488798710474646,0.04644683002413433,0.08700621214759029
somo_ra_boltz,-0.09090076064035055,-0.04873847810309212,0.10621398937627599,-0.02369418352035521,-0.017319144818027515,0.01983843841126265,0.0036284712666022623,0.112068590501988,0.03753412693978622,-0.08276755078540815,0.08362210271281872,-0.07991314664171034,0.08483257700011106,0.020597781737063656,-0.03603989821363173,0.1391065948146012,-0.03366828877977891,0.02156149951804813,-0.014789237241145073,-0.040564047544656104
somo_rc_boltz,0.10888995775494723,-0.007993176998542828,-0.033602188661339474,-0.022860540318713957,-0.05506883064441667,0.030020989491114758,-0.09546834800925401,0.0875043027577398,0.07129206240978704,0.11884259619956183,0.028384615949369807,0.0180802879764502,-0.10809661345020372,-0.048903260019815986,0.02873690839110002,-0.01479876205585367,-0.06043014285051174,0.038230456233815435,-0.005295647749811817,0.01168576611293436
nbo_P_boltz,-0.023789768179655724,0.08843548980625084,0.07250861501576504,0.16954037273765818,-0.05832182781223699,0.1046354558303722,-0.09435041476915673,0.0597087683793273,-0.010141408801610186,0.012725443790707489,0.08102991133941725,0.08734216792850683,0.05090845957668862,-0.0834270845549996,-0.038175454035750414,-0.057499889805104926,0.05553263720725876,-0.0648300566736532,-0.039501976982276366,-0.015714757120059583
nbo_P_ra_boltz,0.00625098739239603,0.07919751421555181,0.06043051109774201,0.14845570213893922,-0.05731668908755427,0.10941775995287306,-0.12469765940227623,0.09179409678466294,0.00943162305895176,0.04090044979006552,0.07447598645957576,0.14833061673642586,0.028242283653966263,-0.12586336910231355,-0.05314620829592631,-0.06067383792550236,0.09513625039275654,-0.07437208390953168,-0.028889675546254684,-0.030352783058044758
spindens_P_ra_boltz,-0.07997395326151292,0.03239070149964025,0.05491117020682147,0.08472242745236704,-0.011124826040897262,0.002001978904530133,0.060336112901205136,-0.07072421476037508,-0.04783655542609966,-0.08392538412275,0.021670463505626986,-0.15914127291747404,0.06912737354486445,0.11910066020826643,0.03628543041055729,0.028186960821541485,-0.11765869229278922,0.03454218149551877,-0.05061919629102477,0.017736578865800004
nbo_P_rc_boltz,-0.03967941089320232,0.04359116666036943,0.08451392722108132,0.1312926447896888,-0.0025393087050387675,0.09879350248361424,-0.04868171290467099,0.04986242110129249,-0.06054636107129453,-0.10727618156377008,0.07081403040917944,0.11142778916573245,0.1264542550799732,-0.0011213075080154233,-0.10925811157099852,-0.06630316010671673,0.22998480441795321,-0.11010574054225378,-0.16182271030965,0.00796764037605641
spindens_P_rc_boltz,-0.016882843171063387,-0.08235497959569701,0.0034831934313027057,-0.09183447300832158,0.09958013766468493,-0.028956456346141538,0.08470248374408343,-0.02852859714308087,-0.08135362626836273,-0.19233151515031066,-0.04005715725792505,0.02577034061432469,0.11284045112459662,0.1486176851984421,-0.10538612935055816,-0.011131070231892628,0.2632562615003401,-0.05882988911917636,-0.18895965087495675,0.04122972051978506
nmr_P_boltz,0.03769259409833005,-0.07490241687404418,-0.07291297641616065,-0.18106509860177353,0.056814583403237064,-0.05765460093536947,0.10363011427013506,-0.04204881012468467,0.06684881179610269,0.027368581849118896,-0.09966994929856365,-0.01646007778163723,0.016149754075308706,-0.08619826514595183,-0.03234540537163935,0.06587134038331435,-0.01003481953567692,-0.025708973942601798,0.046966669887607136,-0.010295274402939841
nmrtens_sxx_P_boltz,0.045582917017370626,-0.07867852794285048,-0.06957989608074898,-0.17067392619285954,0.0623638461231645,-0.02373377350916757,0.08513704053327228,-0.024886839270959964,0.05638431003647054,0.0009895132338626073,-0.08962300555796657,0.034745238580470766,0.037549802382006,-0.15856172274269587,-0.05532603333183423,0.07232080102497412,0.0011696068672091275,-0.053907869160298105,0.03473106195008757,-0.011171953862713982
nmrtens_syy_P_boltz,0.04252155983625588,-0.0804727140442319,-0.07711053042498256,-0.17399109033967997,0.05978184563140518,-0.07012120735502678,0.0826242629521147,-0.039286000426002624,0.05808187068709286,0.03538354374272623,-0.06251580086188238,-0.04909091512663638,-0.00060312100793114,-0.02693895085984993,-0.020396706831905753,0.012631361833528674,0.01798529056775708,-0.016660390425580898,0.04365465814629291,-0.0025282783156951177
nmrtens_szz_P_boltz,-0.0009117661699017437,-0.02955412721717326,-0.04538323353495628,-0.1454391565355555,0.01884838888743426,-0.08638742540847778,0.13688027486317084,-0.06637731338538712,0.07749634327786876,0.059066744831269447,-0.14293339363448151,-0.064279084540255,-0.007538034925470491,0.0016732647911067156,0.008570134975738608,0.113574417395564,-0.07497221633971501,0.02827403470957704,0.06003237395873502,-0.01712821270459962
efg_amp_P_boltz,-0.02913014415378865,0.06780952342424264,0.0465201034536323,0.17811324479517582,-0.04579394552841316,0.03048771581522948,-0.07676981212843195,-0.005079760651821122,-0.05034335632875771,0.04844322150867675,0.14328865710995156,-0.10367622648228503,-0.009651651257716887,0.14576412132911548,0.08304966683413531,-0.16267529747247964,0.10469734149283068,0.00033478147757412535,-0.030230183115429188,-0.019433043926686988
efgtens_xx_P_boltz,0.025880067565979433,-0.04869608381844968,-0.03955358981059063,-0.1353742018525212,0.04628199977791556,0.03436469672302929,0.07883240901968533,0.01905479767299377,0.046098546696744715,-0.06025336055463565,-0.13665762162137202,0.1720788809179416,0.06291307367971899,-0.30690444559326435,-0.10385651297262662,0.18669368639290276,-0.06094319805014892,-0.10804531146483436,-0.02585593966183753,0.011962704804441768
efgtens_yy_P_boltz,-0.008444659153992022,-0.007835134795010308,0.0029590683343308556,-0.006876254994198933,-0.018364533327185007,-0.1090067161152341,-0.02946115509293802,-0.03485144169298241,-0.01351249021929694,0.04169832333830545,0.04936254380150347,-0.2008628375037236,-0.11383404582267106,0.4087161475415145,0.08971728666422185,-0.1270587039798962,-0.04281952798281152,0.22825994088728285,0.09226403401870409,-2.2488381120261414e-05
efgtens_zz_P_boltz,-0.027087762632799498,0.07123927753511909,0.049898493412998485,0.18530848514319767,-0.04565400914702173,0.04758822398949997,-0.0793171525429961,0.004521288499905359,-0.0495565194909146,0.044235723052590006,0.1389581737653766,-0.05646314074382619,0.013873029210129562,0.05757550182679211,0.061001754522865215,-0.13889402799950068,0.11736363472259775,-0.05181956410216548,-0.04456097564834685,-0.015836929821739593
nuesp_P_boltz,-0.04693801713337497,0.11828046474363005,0.02432847485393819,0.18099562487815485,-0.030549612051171533,0.06891686462024887,-0.0020994644068639988,-0.06908746533941447,-0.04617903154944664,0.007071503490973147,-0.04251538608134969,0.04699905032553048,-0.0032462444166729276,-0.07680233481597562,0.018615980760433887,0.011810816107443764,-0.018666353358940374,-0.018796756891543587,-0.0002792306762479657,-0.009570480132165653
E_solv_cds_boltz,-0.10208524114046334,0.0102381105152637,0.00964027487627073,0.04608673773143288,0.10844640205365846,-0.03982783099182162,0.01965572117906452,-0.019353895361182857,-0.013224318228106005,-0.05697142386474266,-0.0213507255340099,-0.03488937087635208,0.009925177341321867,-0.04188479220223107,-0.017455384428552434,0.05478411135766517,0.060813663803722974,0.00502577516213526,0.10581989774315631,-0.0743982464405866
nbo_lp_P_percent_s_boltz,-0.06021178546055997,0.11463620449547712,0.0840919887918999,0.127368753994288,-0.06492782350201314,0.008761818117146441,0.0070813515407839416,-0.030186287501113285,0.007310061006749954,-0.0027724630504293727,-0.03717245629990863,0.016410837589773387,0.010582432810545397,0.01210181707401975,0.00729847084902413,0.08267659956174833,-0.05721583261083554,-0.010461984130544777,-0.06277951282967603,-0.018486428410369557
nbo_lp_P_occ_boltz,-0.05482211304594026,0.07304983476401991,0.10715183388743019,0.04984355550055176,-0.08486245579431545,-0.04097943777057979,0.010397563064000505,0.021116036721035198,0.024530464357141908,-0.0553911676833769,-0.008468198108340224,-0.04270615353782051,0.03943545492194646,0.1227716627154071,-0.013689753018765738,0.1459612963010429,0.016086823205108847,-0.024888898436486284,-0.1458515606308036,-0.10236695294180051
nbo_lp_P_e_boltz,0.06343849504034661,-0.12615088572974753,-0.031063330188663835,-0.13236463393674716,0.033106860552407275,-0.005941799891446123,-0.052392467159583476,0.11017775895287199,0.0250903539517894,0.003942770094364461,0.09656771167295676,-0.008243839640314953,0.01373092226648678,0.004824422910062472,-0.02709886684663585,-0.06317776849904005,0.04938114023657508,-0.003031825872434002,0.02742700274376625,0.03565964572622765
nbo_bd_e_max_boltz,0.03772260595883482,-0.10316806968706771,-0.03639520058059274,-0.1395746021370418,0.02447352735289348,-0.10992666895998784,-0.001067136772427739,0.014769414402498552,0.021051223845653624,0.006376281330382645,0.039866997663348974,-0.10694461788072228,-0.05382321841876016,0.2113848341634474,0.05941132059281071,-0.08459942491730632,0.012716710744039818,0.055103890928865584,-0.02531644098115815,-0.01897528749852398
nbo_bd_e_avg_boltz,0.049750438426098186,-0.10770431739635991,-0.052426474663716964,-0.17417706131224353,0.040245408837824806,-0.08745169989377612,0.02901690614422275,0.010970678456932137,0.03165038224206065,-0.007420537304142077,-0.006189674166037813,-0.05545432678653338,-0.030176116136065422,0.08964692508828387,0.012340673240367946,-0.006201727281434644,-0.0028065972883080798,0.023088438695150343,-0.024300396620403755,-0.01670953173308673
nbo_bds_e_min_boltz,0.039964987477396595,-0.06244474712372843,-0.01841634275085232,-0.09200445291523929,-0.004724875782843516,0.11510888116155465,-0.04606960893275664,0.13314253121323524,0.10768258263884371,0.05412037801219232,0.16704779025912198,0.041961977757817306,0.11917751598240577,-0.11755945511444929,-0.10165694550609951,-0.17324886664504124,0.0993117392946222,-0.1132511685081462,0.04222944399941042,0.050698553643255234
nbo_bds_e_avg_boltz,0.04316321465474634,-0.06036779590644185,-0.008224821416022066,-0.08269971525743443,-0.015042342363738314,0.09112292214158449,-0.08112379140739631,0.16196365996248008,0.11380128530762394,0.08113037131453378,0.18575746687512812,0.029244519167705783,0.08877475002336187,-0.07746316196212162,-0.09694086142171884,-0.17538218866994926,0.0916120626453879,-0.080095314075814,0.0686044296499781,0.061083228891951724
nbo_bd_occ_min_boltz,-0.06423903614840935,0.07020246343359551,0.05965415872755469,0.02474503207367637,-0.017652863415558127,0.0676357356600652,0.07409352771866214,0.030678045558096737,0.025077980821764333,-0.0033852177306153844,0.04613260422607011,-0.046412894571027076,0.1421245234275814,-0.04900593290647877,-0.09105810240490622,0.06576864300533419,0.029990002376145554,-0.07424352104098446,0.07460715841272438,0.04902890181757891
nbo_bd_occ_avg_boltz,-0.0782746053075768,0.07415667473130479,0.08179932974260894,0.03777422841167511,-0.03578750631669745,0.01989801401564241,0.04645649865360824,0.05032753606716959,0.004676837990839869,0.007768027177041576,0.04102978996762137,-0.043269051804093114,0.09699703694810959,0.012954413862917336,-0.045646855736516605,0.07254148825812098,0.019846971229995104,-0.058316792862114206,0.03031319554090725,0.032715562076521376
nbo_bds_occ_max_boltz,-0.030662058432582004,0.04780097296630439,0.06951092268739165,0.17796670874883877,-0.041882289535115406,0.033659777227992085,-0.08933661558652269,0.03619945449254822,-0.04077101772773523,0.019844367755029513,0.022340150197503558,0.04853297073181861,-0.07270997120128804,-0.10278667502340867,0.05256881844432613,0.138229763089893,-0.14392420984183474,0.06323717889881998,0.1058660975293253,0.027512151122275074
nbo_bds_occ_avg_boltz,-0.028472131548712424,0.048247553103005575,0.06948402961129722,0.19031696761176145,-0.03817302034255723,0.07453516888769822,-0.08397860301029376,0.02918109665085502,-0.03939709600611358,0.011110392994675228,0.032476106137142954,0.04796895092657396,-0.05317620530527857,-0.12064560627348143,0.057225095351919365,0.12638834142855565,-0.13238706619416352,0.043403042245926456,0.08709463616340984,0.021943590807878284
E_solv_total_boltz,-0.11351657028857123,-0.03531479882264967,0.048530938390811545,0.016019765158856707,0.0450798482021778,-0.03531463518340126,0.0025617809048283334,-0.021376091323080656,-0.03845991225722581,-0.04793819149133871,-0.02248456571528869,0.010845040153832908,-0.003007811529244532,0.018307914277775963,-0.03691280846194127,0.056599735037184656,0.05308158729884025,0.02130276728917894,0.0690291663843076,-0.08411270336638738
E_solv_elstat_boltz,-0.09119916274815579,-0.0809349335460637,0.08154855805986726,-0.026780687386592405,-0.04877430791235347,-0.018272037163839416,-0.019659541631843334,-0.017010313488003703,-0.05763613936454439,-0.021165460040776674,-0.016649283930408144,0.06458724046118812,-0.018224315651104026,0.08773831709140568,-0.049356228386620266,0.040610890734218925,0.02627792384320833,0.034801963268220805,0.00071035184670796,-0.06913329043686692
E_oxidation_boltz,-0.09151767818512728,0.062298282978335714,0.012744329198671592,0.05159345851489025,0.041601254592706464,-0.02815239456837891,0.10437140929868717,-0.13975167926127713,-0.09426109184702733,-0.10693279855690821,-0.09097288130551431,0.02601595085482828,0.08294122443771973,0.014494428320268274,-0.030980848307023558,0.011513399457497162,0.13040609881054563,-0.04015249410541896,-0.011476631432551487,0.004810127410904539
E_reduction_boltz,-0.0742754132879019,-0.05762903528363013,0.11040767299684011,-0.03301565483403289,-0.030789770486874934,0.042866406408374615,-0.005386360874362816,0.1444479850780562,0.0618614720122672,-0.0943982324778686,0.09480247467928218,-0.0793719200974232,0.08545059856126842,0.020045444293942356,-0.04555374726221485,0.17825299108656098,-0.05593166382843854,0.02800464557687105,-0.0258549248694166,-0.06601695522290556
fukui_p_boltz,-0.08499813587637355,0.037697031156821305,0.04314304643612441,0.08143632732146527,-0.011040889569785618,0.0019180830515384164,0.06899681108858353,-0.0786545932004286,-0.05461689084740174,-0.07472657211289707,0.02935034647503455,-0.1532348992807315,0.06882862711089255,0.1033942088793113,0.03522968178577859,0.00042907934078136506,-0.09967372414600575,0.01668403213915432,-0.03445791394294666,0.03752624703486231
fukui_m_boltz,-0.022842933428386246,-0.0832458891750083,0.010676612839013739,-0.0823597951019535,0.09731257909287418,-0.02208339452897844,0.08529390826186874,-0.02314115802403298,-0.08034662961446619,-0.19573539389880074,-0.02631260257945063,0.028435875360444094,0.11611171529157342,0.1432655113303228,-0.11042584049462481,-0.007306254077918924,0.2756144455927616,-0.06544507275281002,-0.19318466153650937,0.04022213101137
vbur_vtot_boltz,0.12417012269866158,0.01987653899233287,-0.02850190959435062,0.015820121827240245,-0.0635682500623365,0.050084636265825766,0.04342600240551016,-0.024333418569126637,-0.011175970703594903,-0.04866188222894075,0.007591867208496421,-0.049098780171884474,0.05876501576586995,0.015587220079243973,0.010682217812222467,0.016318226618012917,-0.03057889188037308,-0.03125549267313725,0.002434948141635802,0.04762238384056
vbur_ratio_vbur_vtot_boltz,-0.08083924133014737,-0.061989803440843046,0.09390414378287018,0.014265397498291872,0.07319755051926996,-0.10154851732092669,0.046024560510240585,-0.03550792642064292,-0.011142275964385981,-0.04436877597239632,0.044540725375374,-0.07659315466058979,0.0716718221398701,-0.011726452363739691,0.03457131865293104,-0.06711802645298488,-0.11828716389290199,-0.11047312214039681,-0.00240731755410053,-0.023891722758334816
Pint_P_int_boltz,0.11793394155337568,-0.007129716048068933,-0.04052378871755054,-0.013413618506013199,-0.05679813812024784,0.03303046036825644,-0.037666978380277834,0.0004628208901501502,0.02931740282416883,0.09176458549506207,-0.00911194225858476,0.01960499190594723,-0.062467778657030903,-0.016573895913548728,0.0458196380685348,0.008896194745780375,-0.025154253784944652,-0.015405307797686429,-0.0736436114632432,0.07214080569172657
Pint_dP_boltz,0.10771902953650381,0.03439431268812519,-0.06626019021669187,0.02327167943328124,-0.02149351847439163,0.0464315568523722,0.02144517348770702,-0.09389496904906236,0.012675785109024538,0.0189364981790367,-0.013294434369207709,-0.030369727691627216,0.0692535230064306,-0.0007323551652316133,-0.03655628131370988,-0.002466317186064241,0.00945142299313861,-0.02722502233821681,0.0852769798200911,0.05290323941704483
Pint_P_min_boltz,0.04255153434462286,-0.07429654937032584,0.028831439610694506,-0.031401618331819654,-0.12791725378487798,0.033207507290179065,-0.05456913699481778,0.06193262091229859,0.055680609245448556,0.10639313534132729,-0.04410478153281171,-0.013094721079959577,-0.12368371092029126,-0.045218192170396285,0.11230984593954772,0.01754284027965883,-0.10007536734619947,-0.025816099313365256,-0.1693909240014769,0.06596599458121555
Pint_P_max_boltz,0.11921216987994072,0.004232173329459209,-0.03385328505697399,0.007481410366558292,-0.05289704436163797,0.02307210135798159,-0.005870149767888058,-0.037856528260343296,0.01642877857056202,0.05317051207008842,0.0034604923345883686,-0.011376707987152616,0.01951911342335367,-0.00018389188375811773,0.020004726598056848,0.006562930107559112,-0.03290331260989676,-0.02591273863728588,0.007657168451535209,0.06588424015268952
volume_boltz,0.12392443108358987,0.011777718101815259,-0.01683137583392451,0.006559894535068108,-0.07386866850118026,0.050354074396744435,0.03921085277034444,-0.0034169966244139306,-0.010783117674704799,-0.05447457612728817,0.01934247299174823,-0.05154125106997602,0.0629239390292913,0.03154175133847464,0.002822043703316347,0.02702929654765449,-0.03838821119514764,-0.028478890809166123,-0.0011063400397855834,0.052449902576863335
surface_area_boltz,0.12236202242152361,0.026325494932696644,-0.029285182672015662,0.0016961017305405566,-0.07058003074857383,0.06122635786889721,0.03261100176367009,-0.0045196409150335915,-0.0034703435805822145,-0.054792540664425946,0.006603011878788494,-0.048984248697105125,0.06608052749810793,0.027093119979882046,-0.011591122189271018,0.008502143773773943,-0.024782055024338674,-0.011462279283843088,0.013688108903646572,0.038989903503735046
sphericity_boltz,-0.10688892792874895,-0.06174106445530892,0.0524738156226343,0.004270700720938451,0.04025445604578859,-0.08187208282868329,0.006890409668930386,0.008022926800683273,-0.028775428634790125,0.01791776599469355,0.03960057115765207,-0.002362453215525464,-0.05033420929755289,-0.004998995082409971,0.07482947394291134,0.06894378863967585,-0.03825536577810227,-0.06255010157932232,-0.06163903999393803,0.01758637287700012
dipolemoment_boltz,0.02080823331825198,0.0862422400600295,-0.07814646305036979,0.05759591579848937,0.1371554563470433,-0.08315910259781867,-0.009213221579179412,-0.021229552613646435,0.00891465617680515,0.026119985930165252,0.13074781921061954,-0.014624295696038061,0.10624435338693254,0.017917685135240922,-0.02057087011395432,0.15817734927877436,0.07393868177079109,0.08595354548743867,0.26400673614206227,0.03642423933211165
dipolemoment_min,0.006633857064292115,0.03837428736014064,-0.10333715639159217,0.04995923409194403,0.07879369898885559,-0.1046336924235243,0.015422174895879236,-0.08440685673483547,-0.016480104764319617,0.052242434639756655,0.16398725773393355,0.054674853666304334,0.1285923521640633,0.0809567153351334,-0.07167643399729712,0.17928432258560648,0.03702221510755912,0.10047587292647171,0.2364582461099829,0.05258499170251941
dipolemoment_max,0.026780472905406187,0.11184002013781975,-0.047515698070096125,0.04399701674446785,0.16890448351473458,-0.06015591808873022,-0.025885804902464806,0.02250052074248994,0.02688789413295829,0.01192464919566337,0.06686695687387441,-0.08627678685880877,0.09929505056340754,-0.022226838905850553,0.03712487494393084,0.12812540481349216,0.08739226972765114,0.0583852768064225,0.2404159635313712,0.009013841851323779
dipolemoment_delta,0.028004893276820354,0.10833662978825072,0.024257860792410543,0.014464696531864229,0.14678428184850162,0.00955816453208746,-0.04470197047464708,0.0961941415175929,0.04680468147698139,-0.027333728695570856,-0.04912950276663629,-0.15163386467356524,0.01985184152317716,-0.09306699406606708,0.10413202345047151,0.014830726824776045,0.07897238716087349,-0.008406266802471472,0.10854674184800951,-0.031236543682937757
dipolemoment_vburminconf,0.019477303544487228,0.0884955163576071,-0.06671580814225168,0.034120708351812495,0.1318959799178577,-0.0831531476395567,-0.02323613408022597,-0.003044022859679408,0.010207296634565393,0.03545314133323465,0.10469278425768341,-0.05299498577919962,0.12844545449942274,0.006051940629288291,0.003375922953495685,0.13902440951409817,0.05926547009652982,0.08686248884160876,0.28670946846317,0.029704722839108466
qpole_amp_boltz,0.048714560741581966,0.11410620059256142,-0.09960629706033777,0.03412735146443105,0.13799179246381782,-0.060007854087313996,-0.02302632151843147,0.054585584297703285,0.022377705537026168,0.0006771163859976586,0.05467482409271147,0.03419853647427498,0.006124330232054091,0.03740479340272301,-0.044591238399335806,0.03662301743901536,-0.06384188406468436,-0.007406480482129009,-0.10154109098482143,-0.019477257588711765
qpole_amp_min,0.03794193496176342,0.07240345444960856,-0.1232729546137688,0.038876460332183276,0.09990003000514042,-0.08551906612240968,-0.020454958055217305,-0.01532745898203879,-0.01264404090417844,0.047341616503158525,0.12548572682434248,0.14430620408012348,0.025045364416797677,0.0824043063914496,-0.15178603771232155,0.06035422609476127,-0.13547913608383577,0.032410185461130836,-0.12801766443828397,0.020654447541731655
qpole_amp_max,0.054441974191346026,0.1292151151554706,-0.06941287275545205,0.023121686404031328,0.1574892026710744,-0.031927795324918795,-0.01661257573885158,0.08134066524264316,0.04433716462518812,-0.028422409577783095,0.004749310494034762,-0.037472370000748816,-0.027486267024355863,4.887196507117194e-05,0.015146332229887451,0.008073404818048614,-0.006564974824602018,-0.03951864105474611,-0.06216315058858284,-0.02017393833989521
qpole_amp_delta,0.044113006313304934,0.11871186997468364,0.0032171374086400286,0.0006639885417557575,0.1354359017266272,0.024357680678955947,-0.006413161336643095,0.12308129910037548,0.07049444049460304,-0.0763399422611975,-0.09314651612509904,-0.16565980811039982,-0.057362572944054065,-0.06535372468683429,0.14115511039590317,-0.03690634191095014,0.0986044655829175,-0.07961633558336685,0.01686937243468782,-0.043905844633378995
qpole_amp_vburminconf,0.05316697837753314,0.10711514669222881,-0.08540231722606309,0.021668651991792447,0.13809097192228695,-0.05396325682693092,-0.02907534756889514,0.0416037703255508,0.02436373901334641,0.0025484051914793056,0.04706495094074998,0.04809845507178187,-0.003478695387622589,0.055899913228974536,-0.08296849949540074,0.003974553395209885,-0.08915879223884535,-0.01867013525285886,-0.14590303661623744,0.01824718858606664
qpoletens_xx_boltz,0.049726329755198,0.1144417706719983,-0.09152884516530062,0.04164123646946102,0.13199159988992634,-0.06189275370652375,-0.0216827848531427,0.033101652993744776,0.013524322743171122,-0.0073094528744086324,0.06568447235835065,-0.03259606720198446,-0.036703434999656705,0.0018781214313789824,-0.12986363001940607,0.0297362235914974,-0.05538902363814804,0.007203914788120324,-0.10955322303014675,-0.0077356160724446794
qpoletens_xx_min,0.03686140290557998,0.07016517353818076,-0.11707984942084622,0.04775638466967496,0.09115749555625699,-0.0910940637017489,-0.019496437299323644,-0.03864888636102669,-0.021955884616590194,0.038021649432022825,0.1351068483922565,0.0790323583812624,-0.029457328700453596,0.045223233770311046,-0.2311506172627348,0.05649385909737065,-0.1257893790292578,0.05023481381096689,-0.13463152506619167,0.026080031212445814
qpoletens_xx_max,0.0547731903400277,0.12828990193635742,-0.0644721750821185,0.03161027948610917,0.15099369325215523,-0.026306935215185626,-0.017381006838422756,0.06596316105065761,0.0411125270041741,-0.033992313429460796,0.014555111487181593,-0.09564453371175331,-0.05974889874116837,-0.031634922377237695,-0.04586190182875723,0.0004047790351874571,-0.0007508673223324724,-0.027744744324680496,-0.05849341572882949,-0.004031241842278228
qpoletens_xx_delta,0.04498330282095147,0.11715117039238827,0.0007812635407161182,0.006650872857241799,0.13163146693751013,0.03190539405986048,-0.008587740924063062,0.11472035839017918,0.06994624163426721,-0.07231878987326637,-0.07941399562989616,-0.1831054594327802,-0.05690968247819426,-0.0744768507898168,0.10836876454828537,-0.04065996324799677,0.09073092085255116,-0.07302718375563845,0.02142245561684495,-0.024304368054014404
qpoletens_xx_vburminconf,0.05191874573054306,0.10640569401810743,-0.0797325850960571,0.03811090996137682,0.13022488335939664,-0.055416974491850284,-0.031120008130799782,0.017632978011826096,0.021833243289328633,-0.005488084575319006,0.049609291388582194,-0.025867133072438327,-0.06616015778282006,0.020694355465589148,-0.1640396916358316,-0.0033317984746604537,-0.0792932848022239,0.0006827983408943461,-0.14428731539335132,0.027431012364833463
qpoletens_yy_boltz,-0.0046376537705816985,-0.0027815058065420255,-0.026691920927491664,-0.03560349834295106,0.013262209616551097,-0.005158297382093095,-0.015270902390858552,0.09333933367349047,0.029062009212938472,0.03666516647520931,-0.05353618761386888,0.2801339852960386,0.18911969830243636,0.15726840922048083,0.3852460869290393,0.025907978182493078,-0.00971518761559631,-0.06424980089891374,0.0528088166378311,-0.048779512899018856
qpoletens_yy_min,-0.03813368721310022,-0.09676674225382016,-0.008171928464064872,-0.026597106738457138,-0.08814568557222349,-0.005910827883387872,0.0065199811994566,-0.03427833352518003,-0.032528937393194374,0.0628043414562046,0.02055264470981874,0.3025443992713647,0.15097039275189356,0.14662528251918117,0.18249201305155402,0.042773623164422216,-0.02932916893074712,-0.012193007261416176,0.05673476934995571,-0.021637188758121553
qpoletens_yy_max,0.032411722904444475,0.09481180587832289,-0.013329368306460043,-0.023294972662400243,0.1093695193829026,0.015068888121629941,-0.011945026920247572,0.1625997039973604,0.07386874342581508,-0.033907391122379844,-0.11036108816598869,0.10417855329051029,0.08243875698440098,0.08157089623649934,0.30739251621283004,-0.014308447003741792,0.003869653685285332,-0.11252544129697327,-0.017365553531738152,-0.049658857983515714
qpoletens_yy_delta,0.04651075309832541,0.12645687128888852,-0.0036402399396518407,0.00163392746575431,0.1306299038953618,0.013950844103628917,-0.01224979789022254,0.13138152085453203,0.07069519782691507,-0.06353183249303278,-0.08741098200959842,-0.12650726715647606,-0.04268905985680362,-0.0404504741703194,0.08782026134863065,-0.037373445999780215,0.021638860679652802,-0.06760362793861488,-0.048489375261907545,-0.019280022433857055
qpoletens_yy_vburminconf,-0.00019582974638614425,-0.009761984984094647,-0.006039884413034061,-0.05955142633924261,0.012525761116387236,0.0020925519048430505,0.005041836744961419,0.0809735230243389,0.007922174225068546,0.027764181080405584,-0.018625908865439283,0.2713071006602324,0.2250309856910352,0.12489610443271405,0.3160275208518144,0.03862601409781138,-0.018147707834691298,-0.08238146672725885,0.012029777787325065,-0.03265453636345467
qpoletens_zz_boltz,-0.045906594716086484,-0.1091864221019088,0.10028034685861567,-0.02423199663817361,-0.13330904041717653,0.06203539551543924,0.027764562939506986,-0.07375818020231635,-0.026070354085603466,-0.009372673397033,-0.039399053522160186,-0.09404635364854093,-0.04930832891701939,-0.07226883094733856,-0.047276751742344,-0.04030129362259081,0.05780100440423574,0.02183247568457216,0.08205681714292053,0.02931791672785989
qpoletens_zz_min,-0.05256879780376056,-0.1283685049960001,0.06613410389250267,-0.015464244401919116,-0.15542691250191898,0.033017844733713476,0.01723911330533612,-0.09576751773745677,-0.04732491107875339,0.024113601305816385,0.014831267736206221,-0.017077335380185212,-0.004110921179961893,-0.024859020341060887,-0.07422562904254658,-0.011632945913403515,0.010373989613585296,0.05239354821154003,0.05964635325113368,0.02883853621862696
qpoletens_zz_max,-0.034523535847283474,-0.06163956840874358,0.12325176001681225,-0.027990773506609532,-0.09070427916112331,0.08247704153762865,0.024556678688769595,-8.297400622740489e-05,0.01255462884700988,-0.060439139481086444,-0.119436593834198,-0.20820425699184578,-0.07446263738968194,-0.12153803477989387,0.06001054435773888,-0.06650114612578384,0.12266533223255302,-0.013152251108767584,0.1049766878218661,-0.024501476996313547
qpoletens_zz_delta,0.04341800876953145,0.12177655163533013,0.0008597665022213466,0.00037545661371057566,0.13627404596920834,0.014986425134626905,-0.005038579558643329,0.12275596318238745,0.06941674374778951,-0.07293428097801295,-0.10203903515143317,-0.12282051699969558,-0.046486344582521245,-0.052600331725627024,0.13690075144713615,-0.031306037734922514,0.07195971617270348,-0.07633223803300222,-0.003523072469604263,-0.0540136885662429
qpoletens_zz_vburminconf,-0.05129027671995108,-0.100223984526573,0.08208227228305508,-0.006591617812267735,-0.1354537103168376,0.05376146350627135,0.028168829477512924,-0.059786758855534444,-0.025753671465918854,-0.009082467430845809,-0.03936909305812814,-0.11623264511713402,-0.05215504233004277,-0.08577956834635883,-0.00283974117121035,-0.016895402831669678,0.08797731831375846,0.04239263972778402,0.13653616505034133,-0.010081466258689125
pyr_P_boltz,-0.04599728768106023,0.12421338838052592,0.00574571469977323,-0.05362870934543007,-0.07022293249890234,-0.003784484604247052,0.059244473540374626,-0.10604495227534624,0.19438914096413437,0.08281813372931668,-0.04319106971490959,-0.04168138200395569,0.08034933905286532,0.05592619272580992,-0.038382865552924354,-0.05450221950904975,0.00664992740447077,-0.03560745846542973,-0.07523803491547962,-0.11496429250779783
pyr_P_min,-0.06819163266638306,0.09923908502372376,-0.05634890160682369,0.00030979675154490794,-0.08934483729569123,0.006814330086790845,0.1002088746777556,-0.045886808197700184,0.1959033992790383,0.059620503153792984,0.0018580359056035766,0.004521844661070542,0.071247517621981,-0.03480274070362708,-0.007085142184916093,-0.02357407888398353,0.041095709775782106,0.09096295710195457,-0.061912124041927655,-0.12784752889468712
pyr_P_max,-0.04571830053537028,0.12988804160960385,0.038083750487685294,-0.048600555329635586,-0.06781336878582993,0.010156075820116534,0.025785489814197808,-0.07574572737074622,0.19517881227020709,0.09113426012974987,-0.03872391414435778,-0.0426550989233894,0.07778411179308554,0.06882271715133541,-0.0344668043151611,-0.049047134894822264,-0.031047494655807875,-0.03339704460346416,-0.006117169840391887,-0.07253036215402256
pyr_P_delta,0.04608374879605045,0.007237355557998176,0.12705280657499185,-0.05745240671041554,0.051098383319800496,0.0019479776705030054,-0.11627359175432886,-0.0217447032097024,-0.057521360791993284,0.019712595219178602,-0.04813261267947116,-0.056637913850368225,-0.01294449267428974,0.13160132424569376,-0.030064008391781104,-0.023055593999677444,-0.09649891886888962,-0.17216531039112343,0.08334728624472254,0.1018609333474115
pyr_P_vburminconf,-0.06316755166182389,0.10274498090009375,-0.033132977623204794,-0.012089470838894797,-0.09184565639367061,0.010966237097660052,0.08166709773792782,-0.036176927964376014,0.21198813170892025,0.07308020781870336,0.020353820969841327,-0.019879963588306297,0.07741296615953944,0.0005030384020421431,0.0031463308036163897,-0.0134520068103065,0.0034361049666745847,0.088393507349477,-0.039165291932778346,-0.09757896318659205
pyr_alpha_boltz,0.05058747793086191,-0.12039903148475262,-0.011583986168124746,0.037682502767853794,0.07343767905711454,0.004584696156084925,-0.07896950956377612,0.09430688637004955,-0.1862518426807962,-0.09359996994249938,0.05000144584323698,0.05506041626238482,-0.08155109459103,-0.06272647503421055,0.03342125267899409,0.03583060106870688,0.004235695546722136,0.043291431346905156,0.10428437493020593,0.12798424804105352
pyr_alpha_min,0.04924385575605559,-0.12855323598908766,-0.04696239133613351,0.02945090177475565,0.0685845338196641,-0.011707989101568625,-0.046229062761255005,0.06062044446785111,-0.18085867903744937,-0.09950266035504648,0.054020856483756596,0.0496874111620278,-0.07733950719384942,-0.0734104151831114,0.03277123673108277,0.031129281843922607,0.038106026598121484,0.03772218564893594,0.033938363722798265,0.07441766124068708
pyr_alpha_max,0.07082693722052086,-0.09311108487919635,0.05182904737906109,-0.007829732125434823,0.09161511070096491,-0.0023034526897503303,-0.11657325296836003,0.045847537753983404,-0.18801955264045633,-0.06967129678446814,-0.009045251554019666,0.0107344220112938,-0.07094611224282868,0.040347135361763646,-0.0012703731984263214,0.0038919187619473896,-0.025919219535453494,-0.07339657512520426,0.08724825016507778,0.14385569612028293
pyr_alpha_delta,0.03650473288539566,0.03433805312575417,0.1337873981744007,-0.04905276874269685,0.04091408177950453,0.011851031899207163,-0.10500473239636263,-0.013452198349501171,-0.03222894811292123,0.029965820190531338,-0.08246697388696504,-0.04894025699765061,-0.0004271430472746911,0.15169103113275656,-0.044072067845963625,-0.034662741306007085,-0.08576767421313335,-0.15232799706704198,0.07944313149452972,0.10717177138895051
pyr_alpha_vburminconf,0.06529227848483854,-0.09491911523189989,0.028441255385604637,0.005476423833776561,0.09197229781260705,-0.006706884919476652,-0.09866789819920109,0.0338196251841713,-0.2027097427569896,-0.0837384528478873,-0.020346382279609755,0.036770433300841024,-0.07725592191808736,0.0005620565087929837,-0.01295211487170586,-0.005801844442379937,0.013603193372402893,-0.06591174308749118,0.06380717313934388,0.11249777589815568
vbur_vbur_boltz,0.09685134071648191,-0.07034427758206833,0.08793380639385573,0.05145794425054414,0.05948649252105616,-0.05967876335578535,-0.006586662215471489,-0.06991814632836667,0.012251970218930243,0.021266263697346622,0.023030963424213017,-0.03853433542297225,0.03613775334446674,-0.03864106239150669,0.01744686890316655,-0.009521933616291221,-0.05412076246735794,-0.0924118082699583,-0.00935370846589066,-0.07396850154454723
vbur_vbur_min,0.07816016890763393,-0.1210754933677836,0.015677679362168857,0.13235062417237412,0.02733828585077758,-0.04858450878716885,0.019397467576644782,0.02546147886333005,0.054393982368628746,-0.03083313169833687,-0.05947964930230336,-0.00023687836282834922,0.01163497387345025,0.004901789712897562,0.007403369396329086,0.022059035345268128,0.0051349265743540606,0.040802593837499575,-0.028538181355734583,-0.024234285846128623
vbur_vbur_max,0.09399546598445843,-0.02904324043442,0.13620416768238405,0.016875841189125235,0.05540692165495088,-0.03381125085267683,0.008485915318376997,-0.04912452022741433,0.02596528253194101,0.015881503360778537,0.023878514635675554,0.012492639277703606,0.038034605266976274,-0.004888016612280333,-0.014660672813845784,-0.00030824226524988414,0.01994878846548798,0.00721967267348707,0.010144234128928547,-0.04706479408160562
vbur_vbur_delta,0.06923816271798962,0.03613405159918898,0.15824611746716227,-0.0577938392462368,0.051932694833924806,-0.012756632671553877,-0.0010739841383732918,-0.07554247817828917,-0.0003431439215693338,0.03783687782688943,0.06467685261995004,0.015508384502205616,0.039882513939499264,-0.008922324727557395,-0.022428888901493846,-0.013471807691724855,0.02149223981238286,-0.015336161285191843,0.029417075495553967,-0.043512952723137883
vbur_vbur_vburminconf,0.07816016890763393,-0.12107549336778362,0.015677679362168847,0.13235062417237412,0.027338285850777567,-0.04858450878716883,0.01939746757664479,0.025461478863330046,0.05439398236862874,-0.030833131698336888,-0.059479649302303365,-0.00023687836282833911,0.011634973873450244,0.004901789712897583,0.007403369396329096,0.022059035345268062,0.005134926574354078,0.04080259383749961,-0.028538181355734583,-0.02423428584612862
vbur_qvbur_min_boltz,0.0751768157484492,-0.09401970581543326,0.04210699274900066,0.05973847835962442,0.09698102380495459,0.07440032133770601,0.08819807730442629,-0.032871945305257895,-0.014122873751245562,-0.04026521097386858,0.019023954367520666,0.0029208876368364903,-0.09520521690301396,0.024393544032857227,0.02649369261549544,0.04329156419847028,-0.011437300129580085,-0.048081552030406344,-0.03984280027401813,-0.09533825456823493
vbur_qvbur_min_min,0.0548545472160392,-0.1291410895960609,-0.03983942879482651,0.09035998449790697,0.06441063541335501,0.029189997072091974,0.0575079346419304,0.06017067924958836,-0.11955992927256902,0.006063770231175018,-0.03832936960813596,-0.01211506692841912,0.011606732157782323,-0.04364590134575196,0.02703547849639633,0.029310741287346627,-0.003606286585215102,0.07652636831286636,-0.06271920884115743,-0.09374730112499696
vbur_qvbur_min_max,0.07229347987598216,-0.038440990787960726,0.11962474145808934,0.019630038066717925,0.09017604859354339,0.08873911988681099,0.08818082567588559,-0.03858147085319698,0.05666774318251884,-0.03981471164211524,0.04005020971908271,0.06865654075521094,-0.07732169895234255,0.0628644603184683,-0.01858394465702581,0.056060110875232036,0.03882134256680588,0.0010394709052072978,0.0572816872786879,-0.06800173547890108
vbur_qvbur_min_delta,0.05187685205735732,0.017579165737323474,0.1448446733273028,-0.020005982444947557,0.06652196369295232,0.0809096008294946,0.06752465665037098,-0.0680935004647548,0.11410144006083606,-0.04495779469539206,0.0597838550803234,0.07827461328395352,-0.08723326140119637,0.08637725785416266,-0.03191948007730286,0.04620313614710624,0.04279425792802372,-0.03346941500296157,0.08907401937337031,-0.029755769206110158
vbur_qvbur_min_vburminconf,0.06625407449855093,-0.12577535546985763,-0.013348256278707964,0.07135887379758334,0.06302569867045126,0.030876693613233804,0.0352675774463791,0.047978670577519214,-0.11764796971349763,0.025361045101358982,-0.03834678934692499,-0.030530908960166917,0.03248694225112695,-0.024022739899564834,0.02906705055967364,0.03619802439030817,-0.02525786026877839,0.05250274457374581,-0.044722303139289175,-0.10291367244299557
vbur_qvbur_max_boltz,0.08936319961025217,-0.051350542684265,0.09211353175581402,0.03457102011680008,0.03264968340620275,-0.11582067880519578,-0.05500181930116093,-0.07736115407477584,0.014672190989830825,0.06577936722022709,0.008807150492951991,-0.0506201951291335,0.09207144839923063,-0.06005460466568059,0.010390860267945857,-0.036173919168416904,-0.04559706098179573,-0.09866187952698932,-0.003328937498821203,-0.045525168001998864
vbur_qvbur_max_min,0.0664274905934009,-0.10078901914182413,0.021455183083179154,0.15157095510406288,-0.006877934690217322,-0.1048967350886602,0.0050796212932094735,0.02352124585095482,0.13194247741251278,-0.046005110154045174,-0.066372039757442,0.021670114656546974,0.005644507969637046,-0.004182196354203844,-0.005132981005355509,0.0038484324642711195,0.0361866646471538,0.04874289277776138,-0.015776348098959444,0.040089302281550124
vbur_qvbur_max_max,0.08980899033019499,-0.01429685245505005,0.13068444492883605,0.005737340414633863,0.02825071842670133,-0.08931269650664679,-0.04961831286717918,-0.03665635135915749,0.002617050448464077,0.06087089121593001,-0.015404630029687748,-0.01635790182143069,0.08595656973413125,-0.026656032334182393,-0.014983535453159042,-0.025768766408799885,0.027454231457364208,0.014075699764371558,-0.013731341165044039,-0.022518500670968215
vbur_qvbur_max_delta,0.06449845708114456,0.043666669655296995,0.13881574206224967,-0.08395868653425845,0.036893306588355074,-0.04092387477906926,-0.06061256187867726,-0.056597114888374614,-0.07584457208236818,0.09813689831561875,0.02180517020772091,-0.03193665894874008,0.09636709687504807,-0.028430617865189193,-0.014317749594748186,-0.03220214076057226,0.010223072385490731,-0.012807703631384865,-0.0065016397659668395,-0.050097092531969714
vbur_qvbur_max_vburminconf,0.06791376114007457,-0.09911264632987928,0.024809678710673227,0.14910707153566694,-0.005153335382581354,-0.0997309107363306,0.0033505338697294666,0.021347421818129073,0.1320254322973334,-0.054577129857522895,-0.07442028644221933,0.020108863353356383,0.005741433708882902,0.003055423836177473,-0.007467904380709272,0.010146537167517209,0.035110078002313354,0.040522027069309706,-0.013287772428226062,0.046393985527609566
vbur_qvtot_min_boltz,0.09170057656279361,-0.03892831829099055,-0.05085825935374076,0.030929357875355144,0.030266033390266598,0.17552262108361236,0.033196614349692635,-0.08921567247717142,0.021970731925219766,-0.020322217722173675,0.005747684711091795,-0.06293732225980214,0.07453929267230994,-0.005294864635762201,0.0453074322219757,0.030670971772683926,-0.02676297177458009,0.03190967097773218,-0.043879204609707116,0.05932061448485143
vbur_qvtot_min_min,0.07403502010064378,-0.07078789064466869,-0.0962012530525844,0.03909083603392989,0.021014423311485023,0.1336926502138459,0.011230470557282896,-0.08971718090877473,-0.018270481091618065,0.0029733086079806645,0.025534768913974753,-0.07752518173083678,0.12654566682650908,-0.052314724810257264,0.05390533050730071,0.013547308245662151,-0.010682846841689894,0.04770345332525488,-0.04269574702172642,-0.002084010448009826
vbur_qvtot_min_max,0.10655080444138364,0.002301417339592616,-0.007073258242826207,0.009243543378183292,0.02143892635288236,0.16724136522356667,0.030371049969977148,-0.06715524846929719,0.015337282510009617,-0.02059714376469874,-0.02477802255712391,-0.05601982115493408,0.08010916011591462,0.01654988900558839,0.034486583352735106,0.018866738067736904,-0.0461242972832598,0.04009411868379877,-0.04019898948574932,0.09976837791240044
vbur_qvtot_min_delta,0.06479678874917198,0.09165226165739317,0.10951532382072517,-0.03510959780683475,0.005409754795507758,0.0799006046795096,0.030778473791960404,0.012842795780535035,0.04539390510710123,-0.03407668759637536,-0.06837101659557591,0.014060386142166136,-0.039660909242077165,0.08962848232938445,-0.016360729783280823,0.010927242213193127,-0.05468869472119973,-0.0003601248516514834,-0.006038151934228774,0.1497022494380707
vbur_qvtot_min_vburminconf,0.09459733400466189,-0.027167566449458544,-0.044575281742908486,0.024570001939552822,0.01312206239132004,0.1622228532154944,-0.005033318069352755,-0.07354386274153867,-0.007944526621937882,0.009635810967553698,-0.011566124546691498,-0.0697299032756654,0.1366434224098315,-0.011056247962674192,0.04782726586170032,0.035279956192586136,-0.04369915291393888,0.04843775408551802,-0.04576189894682835,0.06801600885953427
vbur_qvtot_max_boltz,0.11598703094633121,0.03519385471087559,-0.009575292851318952,-0.001607969664522739,-0.10833950307850293,-0.06493919439123033,0.04453964882636653,0.014372399825888412,-0.05881515804733422,-0.056485170678291854,0.022694185070683184,-0.01881826923559491,0.048024474014931394,0.0007395064841064608,-0.0005763885410255101,0.013772879857959828,-0.016989663004434514,-0.055527171165602594,0.04159995245769504,-0.026581190967587442
vbur_qvtot_max_min,0.11405689763751085,0.0219083993873229,-0.03849242607574439,0.02076073685136551,-0.11565391405879055,-0.05515049584632114,0.05383719724994318,0.015515735656566929,-0.0341984424310967,-0.07148429669557423,0.026548606598061283,-0.0229246405205822,0.030811720681966737,0.006419116361801461,-0.010465422567150351,0.01620211268736241,-0.008752760939869953,-0.07424971579314867,0.05471488745612065,-0.031785270579448056
vbur_qvtot_max_max,0.11629147095093802,0.05074339734537077,0.01026471195649604,-0.011052088297037726,-0.09700015425066572,-0.05248228436943934,0.05757341326877922,0.01611272761073687,-0.05639673744920546,-0.06294139509523078,0.017081924639641474,-0.013847460507236838,0.024733942740496735,0.0012133959925464833,0.016188493449746686,0.009883215029383158,-0.03324263961719665,-0.024526028713083757,0.009737376190638686,0.014246587888780428
vbur_qvtot_max_delta,0.0745644592580822,0.08483336128634188,0.09773598289912963,-0.06640535719535703,-0.023680364350524487,-0.026749223310793508,0.04185204127083202,0.010870713809437148,-0.07579617593764651,-0.022050501518417302,-0.007433872357978255,0.008659943121159827,0.003557979401072918,-0.009037691999094861,0.059829412383260575,-0.005881051242980067,-0.06608691725606111,0.07849791256032868,-0.07853746030114508,0.09502971080825523
vbur_qvtot_max_vburminconf,0.11551612243875821,0.03327072046921671,-0.01576821994534081,0.008766409042583617,-0.10499239500766352,-0.05408798135597022,0.06815046361977446,0.016014667354153758,-0.04037313075459966,-0.08174342427637415,0.034257704685823946,-0.011038998143613471,0.017469461115030383,-0.0003525386881796352,0.004259626792205336,0.012441146354148494,-0.017550363996103133,-0.04540032500028912,0.029185076334301747,-0.012657245386795225
vbur_max_delta_qvbur_boltz,0.07380755777750272,-0.026979106692608536,0.09170395271054856,0.023268137863414792,0.001970853381845141,-0.1534592229678393,-0.09433050583202666,-0.07198219728524255,0.02430329597249542,0.09385548868524449,-0.0005651233552520793,-0.057970666505075936,0.125640286432293,-0.06498032531971254,0.0014014442010330279,-0.05210855254248756,-0.03955248705332167,-0.09293985138488033,0.005757405554443687,-0.018339850101893408
vbur_max_delta_qvbur_min,0.0431313296543097,-0.06758640056195747,0.012476640212091387,0.1402707698221514,-0.05262307284051623,-0.17569900134516953,-0.029539485833920964,0.02163277824964554,0.16014102147440695,-0.022172612326190087,-0.04580697191504372,0.01578964646716092,0.00797308483658873,-0.01674340163885674,0.0006068871187824877,-0.026497292460161158,0.05417971867585163,0.0553122924627045,-0.009410906064857701,0.08966163476749121
vbur_max_delta_qvbur_max,0.07839499550948822,0.008937176368809755,0.13773027516392958,-0.006746820564389388,0.012355605997546214,-0.10472192474207398,-0.06702299513152966,-0.042324500268986126,0.02438335804335541,0.07044107724705491,-0.023797775579080027,-0.016659198221015085,0.0921578655520206,-0.02128246584091008,-0.021828931523853047,-0.0343470237691646,0.03944860906759081,0.0030991011564774763,-0.0037763303867461495,-0.0027452934706293556
vbur_max_delta_qvbur_delta,0.06330372892289154,0.044111317035549574,0.14342791191450516,-0.0787160173074233,0.04021440447698218,-0.024474105384836305,-0.05785350945621353,-0.05703460784293833,-0.05497434130676801,0.08788510498880726,-0.0025696179948902164,-0.026151116225987987,0.09616121911708865,-0.01462378192791749,-0.02404702376146444,-0.023867603956955818,0.015328742051348302,-0.02477640478052959,0.0006822670108139668,-0.04861120668501739
vbur_max_delta_qvbur_vburminconf,0.05268177685324768,-0.06403730124570256,0.04087212827908235,0.1448123257951794,-0.028359440623731056,-0.13013379885628132,-0.009898764343713303,0.002106332091321395,0.19351281570565212,-0.0687732064754112,-0.07088828713072148,0.03119182894314797,-0.017490744905485918,0.01804210093565541,-0.019893091342711583,-0.0019877496729317607,0.049008172557634976,0.016218111687207725,-0.006999224076747414,0.08821422136585579
vbur_max_delta_qvtot_boltz,0.08688343299494204,0.059587124675209956,0.00272523435250398,-0.014003153733704967,-0.137686222785683,-0.14469581760279018,0.036953489929678035,0.0690333482786233,-0.0763071540417441,-0.05830869750782425,0.019868238768434382,0.013100629232393572,0.00899567922484076,0.000641403601905644,-0.013391328701191814,-0.004869670665358789,-0.00021216568490736894,-0.06323472827618909,0.04856503985552287,-0.07171490669118315
vbur_max_delta_qvtot_min,0.07344764201250084,0.028745390864000114,-0.046846254185426435,0.014209918021412964,-0.1539667231295558,-0.1646470427568313,0.04539507427891433,0.06598112842292472,-0.05362638094398877,-0.0682749320816799,0.04716707709866627,0.0005916585959907287,-0.01470208310274268,0.0037008440009276807,-0.03194715960515115,0.0020387832073252487,0.021832008568540028,-0.12767330347080935,0.07547752402177943,-0.1197006208657354
vbur_max_delta_qvtot_max,0.09611737974223786,0.0777430205790923,0.036098771948925336,-0.02659665946815814,-0.1103269075641431,-0.09886926099875161,0.0583381160297236,0.053942614501227074,-0.0575819332249627,-0.07018977562383921,0.008746440169345027,0.01383870080960121,-0.015411850239823026,0.01023541945559619,0.00713812075240144,-0.004482004536360759,-0.03136737531114064,-0.02598347619196121,0.002725645168129128,0.005806611502739757
vbur_max_delta_qvtot_delta,0.07415515293297131,0.0912162237610025,0.10367824543775762,-0.055701215940427984,-0.014149614656575679,0.014490408595702149,0.044176619774220896,0.01639122984324626,-0.034618757170795336,-0.039237352860331545,-0.034495355068584053,0.020847117563222935,-0.008910249706478541,0.012094523119334108,0.04361075000666799,-0.009024118008932852,-0.07086092454372113,0.08979518290139124,-0.07266929524195867,0.13094726718784241
vbur_max_delta_qvtot_vburminconf,0.08936988545320614,0.05109079309762862,-0.0022494475350818997,-0.00130216992386339,-0.1231521240931581,-0.1304111928987855,0.08042166961438893,0.05290954831203365,-0.04223220396464049,-0.09811629354345973,0.045568789883245815,0.015911447087257388,-0.04474742011892265,-0.003533770157852241,-0.008743194770887157,-0.009710322876891588,-0.005212214150178499,-0.06617081687545436,0.03282685284719447,-0.06071486519061497
vbur_ovbur_min_boltz,0.03976174224856547,-0.03769885562596603,0.048148056162434616,0.067810599673455,0.08320858998429062,0.09272108514083713,0.23699727897376968,0.03641004067455581,-0.018436594946318198,0.1256224967364754,0.05136900937223349,0.015452041484272325,-0.11521549527761715,0.03612369561265918,0.003880668887442206,-0.008104321321368235,0.0067323265299954445,-0.09641677077366248,0.004493265122526805,-0.021014350868292953
vbur_ovbur_min_min,0.01803871543641133,-0.051313047553545314,0.002829155046504404,0.08194525522608082,0.0500867695135826,0.06300472106533944,0.183487476048664,0.1722339510750022,-0.1495553666597274,0.24232526044455868,-0.09148692852137119,-0.049077695599172,0.061986783365957136,0.06259664323934548,-0.0787641912815052,-0.016027086451556736,-0.023088256508873167,-0.00991021198026144,0.009413294120314851,-0.08166520177410597
vbur_ovbur_min_max,0.04704197765966448,-0.008019154957806909,0.0970292016701752,0.013530495225295012,0.08124589992293671,0.07554784710657035,0.21181044957442927,-0.025390834843588575,0.08133654801972495,0.035704855798782936,0.1493787952329146,0.0766174053254188,-0.1368791642263717,0.03204747297273092,0.03303231690185746,0.006623316675542429,0.09193473387269632,-0.013157005183623999,0.057341359093661545,0.0018189052713485
vbur_ovbur_min_delta,0.04461239148964529,0.004355943178984367,0.10054207986752084,-0.006200677285919862,0.0723554103595585,0.06320677712615279,0.17551335418040423,-0.06920019317981631,0.12195256111190715,-0.022830455983948915,0.1785517220771246,0.09211435455330395,-0.15819442686633944,0.01791818466492294,0.05399714234032894,0.010885015397664474,0.10165272861571999,-0.011271167679101489,0.05749784758593008,0.022147325594216852
vbur_ovbur_min_vburminconf,0.018124912221317575,-0.05102210916872376,0.003010096272873406,0.08309202856802814,0.05010968051735518,0.0635546582913508,0.18507371079067111,0.16905914365524224,-0.1474585809983662,0.243122133348441,-0.09424200605612598,-0.051668442431702884,0.06227917612103455,0.06329824143794571,-0.0773512726290562,-0.01070562656504725,-0.020247135071837213,-0.00972623561609329,0.0037693006285899455,-0.08934780570490615
vbur_ovbur_max_boltz,0.0882367877749373,-0.050762232177195145,0.09058170809537433,0.0576949971097553,0.04311594682590802,-0.056279473590940085,-0.11929188463808994,-0.059002228441864334,0.029231047710858056,0.03346444539255457,-0.05151070993241571,-0.017679909954757548,0.005605871826392088,0.025249363616394294,-0.015723778025526595,0.016939876940327114,-0.009958094774785195,-0.054116912611374406,0.016778533805756803,-0.12673023861352367
vbur_ovbur_max_min,0.07829958683307017,-0.09747344813962165,0.02976259013877045,0.11997548273209199,0.020759301030153717,-0.04360938787908934,-0.07359922988411836,-0.03878626194871801,0.08539264218562219,-0.0561170356562753,-0.0525097800403734,0.02422034242899719,-0.0675987009032334,0.03608977961151261,0.0033974590395133494,0.07156751072711141,0.008458209469854075,-0.008380080797312381,-0.02341206626840381,-0.12914989322803144
vbur_ovbur_max_max,0.0795463224508549,-0.00927415157571123,0.12553763184201502,0.02856141249136497,0.025360080030807423,-0.035091800677658117,-0.12092598400416132,0.010641953913270304,0.0035791390711897857,0.033488454645742086,-0.10668535632441663,0.022319697452505085,0.010211957326694204,0.06715528562403415,-0.06471137475312198,0.03238977026804712,0.05132904951642475,0.03500459237596019,0.010196671579576475,-0.04069160568576648
vbur_ovbur_max_delta,0.014936818080540048,0.08938950545606901,0.12033892292662061,-0.08939582763738005,0.009097868368257036,0.0027642008178118942,-0.06957122660924331,0.05281337757831457,-0.08377961793233035,0.09817844179545332,-0.07419225293388199,0.0018696424392515706,0.08201718535876668,0.04356964771753012,-0.08136189404940103,-0.03485503633607077,0.05303140717772972,0.05076004351366732,0.03641855394559035,0.08426518771478766
vbur_ovbur_max_vburminconf,0.07966693016572328,-0.09354481939373978,0.034858948807585555,0.11400187161462268,0.01993734768328829,-0.03879109248283882,-0.07524931925759126,-0.0378095174258879,0.08223228278295597,-0.06519600128938062,-0.06206565603925351,0.02394134434396455,-0.06751755210240125,0.04448871919911088,-0.003981633102291692,0.0753892842976377,0.0016409833015456124,-0.016176513633399163,-0.02100174098632737,-0.1198158072502727
vbur_ovtot_min_boltz,0.0407725477764179,-0.02334510649153209,0.05516327618274303,0.05041852854051361,0.07578220487276092,0.09432282359255127,0.22152488688081506,-0.007702572254881869,0.015600353197249384,0.07972164859847741,0.08378823989575275,0.03876923106146473,-0.1577069145875201,0.02332234845373791,0.024974682945889722,0.0017356369636738948,-0.02093540036556116,-0.07842399429653697,-0.014652465382895845,0.011768537120657452
vbur_ovtot_min_min,0.018084062656029437,-0.05017873197571392,0.002338863509494955,0.08241543887268934,0.048117770889081986,0.06475542725244139,0.18353915938985266,0.1686432167530555,-0.14798224538766172,0.2453990201455881,-0.08976416892561473,-0.052232319524492775,0.06420335168359426,0.06237056609880081,-0.08412198784434222,-0.011397772719154401,-0.024913452249520133,-0.007943239233328228,0.004906773648043813,-0.08308109465129183
vbur_ovtot_min_max,0.047016595322868907,0.006478924815096027,0.09451217444960364,0.008087069638577722,0.06348483089170738,0.08277763684096695,0.2106735039669905,-0.03094899396888722,0.07708353801251058,0.0032755507387681585,0.1478751111836694,0.10005482281244844,-0.16454272313834575,0.023805342692758392,0.03826942251675949,0.015813362834992517,0.0315762765852897,0.011649714979755471,0.02528109478782457,0.05427965112875654
vbur_ovtot_min_delta,0.04482355825343228,0.015814885658586093,0.09632785315250704,-0.0068020648773451774,0.05618690274355964,0.07289320113410167,0.18208912923434814,-0.06254355523849928,0.10599257692192073,-0.041552005429950516,0.16781143523508932,0.1119880058220418,-0.18019737894426818,0.01295734176251134,0.05457131328214791,0.018274429803340576,0.03688476648878865,0.01337979777580919,0.02498336801959465,0.07077114357571937
vbur_ovtot_min_vburminconf,0.01836341528587673,-0.05098601808621638,0.0030562026247631124,0.08445369770904358,0.048770707752311376,0.06771080479676532,0.18320824470094932,0.16581087212938064,-0.1456260905131212,0.24548372983184596,-0.09050676243002868,-0.05405618988381379,0.06327533978554406,0.06167534141659439,-0.08120878347474059,-0.0007330665767555492,-0.021939836007206306,-0.008327984059536076,-0.0006812069137751589,-0.09319414666467074
vbur_ovtot_max_boltz,0.10658472120051536,0.052159381502812824,-0.04229827703086503,-0.0050615216489790435,-0.12279000837084961,-0.016805652080313118,0.048863789762097584,0.04448219032612724,-0.0570897353585264,-0.07661726816676556,0.004114665709764411,-0.006064320404921282,0.013105931557094863,0.040743576149546115,-0.008071366304785506,0.04033168561178778,0.020072549814346554,-0.0437810474314853,0.07298193814098024,-0.03741404812266806
vbur_ovtot_max_min,0.10435867542024319,0.032135280836886194,-0.06859998285074596,0.00856506753422759,-0.1283052921572361,-0.009816315847759887,0.0397436931867438,0.02882834541170592,-0.04469258998121419,-0.07108424234865912,0.005126705353772677,-0.03131973823429211,0.009594010528097146,0.05401292092532669,-0.025612371134969343,0.037824600149569,0.006101659994253958,-0.11109428082129141,0.08864068923387304,-0.03911509376659374
vbur_ovtot_max_max,0.11319892164844268,0.06477970908546728,-0.0017421100022561396,-0.01987480445560533,-0.09596251318772502,-0.026463438399099273,0.05732539839991555,0.0200065411236219,-0.07417076585298558,-0.07259852626147205,0.024831344291889584,-0.012223153237968184,0.0038754049822135117,0.006211089066292391,0.01194103051180708,0.022485685230797248,-0.026998793408818503,-0.018457259697591624,0.004102331268006902,-0.02359726267908033
vbur_ovtot_max_delta,0.0717788702629304,0.08306879166440188,0.10087761200800077,-0.05353270824224792,-0.00020708866728972737,-0.038975617101402606,0.05629881947357081,-0.003121437806236138,-0.0830873340138642,-0.03970893499876095,0.04278907867255134,0.022772454573353296,-0.006708549545537129,-0.06956685080776107,0.06331829065456687,-0.01176489450059161,-0.06429771328896863,0.13150833520375915,-0.12657591572182955,0.01146455107797004
vbur_ovtot_max_vburminconf,0.11487465111811038,0.04595124005772786,-0.017000816656732656,-0.013384344133590933,-0.09850717669545392,-0.029997078835475522,0.05684847748336746,0.003432447878903105,-0.06739493889671491,-0.07118978131866179,0.04858702585810686,-0.018466540809832475,0.003936258564798688,0.005271032409821407,0.0037824336600576474,0.02668749265939626,-0.025738886024611284,-0.061606302477152354,0.025085550738246122,-0.0561576415437235
vbur_near_vbur_boltz,0.09410125384036507,-0.08127998524095803,0.07241569965908833,0.06004599046255434,0.07237766377999016,0.0019321885507203704,-0.06027700665520608,-0.06079068786050367,0.019896190265175424,-0.04340459589588724,-0.03253185155313098,-0.008253053094685076,-0.03406093330367796,0.030154457838006077,0.006815078631316914,0.03886849114119777,-0.03461442225223842,-0.0449998915112176,-0.009501137238884893,-0.14123749108517783
vbur_near_vbur_min,0.08492502014094386,-0.1199503148392897,0.014654827389793542,0.09244391247119665,0.04720503619385267,-0.007294730181358056,-0.049707301956689556,-0.03135505969210885,0.012186789082497823,-0.06837703092811544,-0.03506554332796326,0.0033625799116180593,-0.03600087124872779,0.012947844816773647,0.02899058081999094,0.06055140322297257,-0.02141824680522743,0.012311734033192216,-0.04272529348992712,-0.12962443723974165
vbur_near_vbur_max,0.08772919387424796,-0.03853913143682721,0.1269814325680385,0.029766948621597022,0.05857060264644754,0.02450987561348038,-0.06539572967310142,-0.0317154887572678,0.022860241439349317,-0.03299755425131045,-0.06494773431288085,0.039207272416236956,0.004195642139886792,0.07022456782548793,-0.05594857872509807,0.05375342839542767,0.015883845544299304,0.022023440144698307,0.03147645545717922,-0.09007246826168802
vbur_near_vbur_delta,0.03811070344971054,0.06528126713990745,0.16261807761483665,-0.05022002684355435,0.03486604198655738,0.04143590146566611,-0.04190488096068726,-0.01312919739928657,0.01979895707364461,0.021826360991192163,-0.05581177849763855,0.051364161683050635,0.04158454988148629,0.08512575433723031,-0.1068319227502835,0.014898917715376261,0.043418547477754386,0.018507454101321045,0.08632040043462519,0.002984128642575846
vbur_near_vbur_vburminconf,0.08509521280774106,-0.11957318168422956,0.01540794148847765,0.09306499787452152,0.04634254812515199,-0.008780715885396053,-0.04862250312942977,-0.031780848922836426,0.014600622423792847,-0.06794021801473356,-0.034521257029024324,0.0020696763968589987,-0.035367619016975084,0.013241672831547497,0.02905175073652437,0.06138977226157153,-0.019660178412229456,0.011678186338315317,-0.041710609793737044,-0.12696309411864398
vbur_far_vbur_boltz,0.08496235487539971,-0.049962130283289864,0.08896655252391075,0.03601364135599266,0.03894109522150532,-0.10677436548032737,0.04315818146959966,-0.06782247947565775,0.003488819655989754,0.07684716737343784,0.0700769791177741,-0.0603144173042365,0.09453043120007124,-0.09538740153245479,0.024511961866663275,-0.05206004649739876,-0.06379876947853678,-0.12174820615590852,-0.007830345902419399,-0.0018810137948383973
vbur_far_vbur_min,0.04223550169327733,-0.08635512173959133,0.010749089349907006,0.1554262304398789,-0.012364276221200935,-0.09933537510050539,0.12655654027399213,0.11346258422327024,0.0999729429105638,0.041022525583062526,-0.08121811275706696,-0.002008664661672045,0.08539331280545846,-0.011106719812998328,-0.03085065175479863,-0.052287381954837356,0.042871305126349867,0.07657871764743732,0.0005626837365649384,0.15113160682257007
vbur_far_vbur_max,0.08742236300590632,-0.016534473795659373,0.12842467953522185,0.0016589987298784709,0.04511687886762694,-0.07279315338395058,0.06116023112296204,-0.05840881500730873,0.02522997676367667,0.05319555167556583,0.08971647185875696,-0.01226535498116888,0.05987353021084029,-0.06059192485604215,0.01843870557875884,-0.041873983968534874,0.018459388015505243,-0.007961432358176472,-0.0016161768540014164,-0.011062709246958291
vbur_far_vbur_delta,0.07913222554620428,0.012564156846068384,0.13426668595777053,-0.0528187179004753,0.05283948164674554,-0.0433479249211148,0.02128084564746814,-0.10264321219048911,-0.008001419220248253,0.042768162523410154,0.12496798398501052,-0.01247830066236251,0.03435861411237323,-0.061228041371286755,0.03065762925175614,-0.026641282615014552,0.004780990689370589,-0.03546015773899165,-0.001934891917046309,-0.06498448144487641
vbur_far_vbur_vburminconf,0.0429582967884415,-0.0865060875529808,0.011323993562240193,0.155924062971349,-0.011998916248552071,-0.09861373219122656,0.12434538458708835,0.11098683308834119,0.10262997776269646,0.03908181945056683,-0.081978405880882,-0.003924343464200387,0.0846960424859381,-0.0101916633130569,-0.03014896786559627,-0.04879802229866578,0.04398317388737435,0.0758027549608928,0.0016594751924205392,0.1506323464462766
vbur_near_vtot_boltz,0.11506071235510834,0.028664617205673308,-0.055190966112143004,0.0113033756135379,-0.07031551974658463,0.09150503626108662,0.032941482026923964,-0.009473887924675605,-0.007605119370858651,-0.06038438795045055,-0.017301221930206973,-0.04431546736219443,0.042257718640277483,0.04460088122500353,0.0037599212165608004,0.03310370996546418,-0.006995951055634431,-0.017790272080316877,0.021092817859984677,0.04235963562702836
vbur_near_vtot_min,0.11083740220106812,0.018227487082339865,-0.07311840687173785,0.02137465156223502,-0.07158058154040112,0.09393093011058723,0.020565632399206932,-0.015315283708047113,-0.006717219074629869,-0.0558043099207575,-0.023537840632764782,-0.05885736031006588,0.05158607973156277,0.047562582687438563,-0.0049481341886216616,0.03454749688383704,-0.019097907732564083,-0.05322483057182922,0.026256615806933076,0.03582173275724761
vbur_near_vtot_max,0.12250452549689954,0.02855114057645743,-0.030299868352711225,-0.0007543345155251065,-0.05918967762018593,0.06740553320416279,0.03231845359992982,-0.0345693960424832,-0.027236477674840404,-0.04732358457813736,0.014276184200443366,-0.05214866170382738,0.05040083706687771,0.019152041396411044,0.011940674038344189,0.02462765931100993,-0.033298714375792675,-0.039664840017366164,0.004565647740967588,0.021740380995848886
vbur_near_vtot_delta,0.08481639199061834,0.04242062063293103,0.11517095247694718,-0.06622867064802956,0.012723843347501701,-0.05147194851751682,0.0482174905662496,-0.07148305382547612,-0.0722552510131258,0.005924778433480124,0.11847875207986454,-0.0013256913328389642,0.017065366899544614,-0.07680623955853211,0.055189869531764864,-0.019486376243087362,-0.05591041600438258,0.024185204647411487,-0.06274986119848566,-0.033063057035886606
vbur_near_vtot_vburminconf,0.12256194750684286,0.027643052163886687,-0.030730548031453236,-0.0004079262939965425,-0.05790895877273228,0.06829844402720633,0.031161016527987494,-0.0363834901422975,-0.02612945581931084,-0.04547673057953325,0.015878649805250007,-0.052107764554984365,0.0503361586476796,0.018561095105433117,0.011964865664924417,0.02442599456914782,-0.035131911181614746,-0.03994332583235792,0.0031672799573634813,0.01914058088064055
vbur_far_vtot_boltz,0.08941888727006182,-0.022507635986584448,0.08091580412453393,0.022627550318738556,-0.004463595523431901,-0.12320107784928765,0.05677431616672386,-0.0661740672847359,-0.016491402120794148,0.01717928175496874,0.09238174008964899,-0.03845566083996339,0.08651331536890697,-0.09562750482596273,0.02784396861523175,-0.05586914927704039,-0.09850207066370166,-0.060779125163930095,-0.06439127235401486,0.037937868776082434
vbur_far_vtot_min,0.045409745452284815,-0.06442626315011955,0.005508080714775333,0.1371916338486656,-0.052411078046385944,-0.12420835665467637,0.10362529776191533,0.08628449078624223,0.12842994357994808,-0.030479907016149565,-0.05509096687980172,0.016403166928848245,0.08525507138423763,-0.020948976800133665,-0.011897506924290497,-0.06894440672251684,0.02095352986140327,0.07650983088908989,-0.015805595504412986,0.22363607639243568
vbur_far_vtot_max,0.0953930097226616,0.01352952451190019,0.10660219917461285,-0.007512774495356419,-0.007628082100653743,-0.0949914399122919,0.08304725365425916,-0.038506606378473036,-0.017053536188024476,-0.0036597494220663215,0.08726730873202455,0.005421725209129138,0.0468721140496548,-0.08068204367682988,0.04763984859048971,-0.04657141686115874,-0.048038749595556686,0.04916918594000154,-0.06593641619373802,0.054505215886356644
vbur_far_vtot_delta,0.08546204564292627,0.040868380712625156,0.11385508751218223,-0.0638337216818765,0.012953805319934139,-0.05305976631793417,0.048402184709062566,-0.07693522223195155,-0.07066936680163743,0.008378840195172085,0.11738169758246718,-0.0007497682718535373,0.01645952612238281,-0.07936445791068203,0.05670591768341992,-0.022748554022527755,-0.06081393148501717,0.02250857195703318,-0.06539294871683471,-0.031362856634321465
vbur_far_vtot_vburminconf,0.04976608020873495,-0.05657653567863526,0.004381567486746293,0.12878891135533524,-0.06590626073000676,-0.11961665727076941,0.10756514641143516,0.08589268996683619,0.1161596426454364,-0.047888032426693594,-0.05654119179113782,0.010530642637957761,0.08586474813537019,-0.013361230373151378,-0.011650820257791399,-0.06275841285242374,0.024993418726641174,0.06582342454068311,-0.0003744952055824719,0.23198673935591424
sterimol_B1_boltz,0.09670767643758144,-0.025856864513991613,-0.05784635617796631,0.0007211750045217016,0.02913516837868422,0.165738061812278,-0.02820225602191714,-0.07452692196638822,0.03430112523545735,-0.048761907656848104,-0.0003333105613125475,-0.03504044611937078,0.08477412930315127,0.04432727306210924,-0.006562190145151707,-0.043100485608195654,-0.011112023728994707,0.0791987659127892,-0.004630961746637247,0.008437345005925568
sterimol_B1_min,0.07917305530823253,-0.06524119464845161,-0.10548017122234232,0.013543022272769205,0.024811404575906384,0.12366143671866715,-0.03167026002348501,-0.0947155093927887,0.0013143062131099061,-0.0295960800370818,0.046293974316355804,-0.040529403526391096,0.11683236717938385,-0.035003451130393486,0.02944549192207548,-0.03417213267994993,0.0010780203235858335,0.06414849311848732,-0.030681586580244113,-0.03869462365152739
sterimol_B1_max,0.10074636742046505,0.02048618271977278,-0.015016074204779592,-0.010427905652605913,0.02786556969194724,0.17879947855577774,-0.016577255094273432,-0.03318848438998041,0.051343091932696545,-0.06900691641026437,-0.053764799570961655,-0.006289609893690898,0.05503678369910262,0.057241671810675486,-0.029919913697432587,-0.03647995364468103,-0.04009484409146425,0.08201456736394483,0.032964391509204216,0.050146979674889465
sterimol_B1_delta,0.040771363076115785,0.10295921605776219,0.10295248858794959,-0.029519914608607607,0.007886899276161954,0.09197084376627356,0.014988776727325372,0.06644865644992572,0.06620860798150964,-0.056597075628935845,-0.12481274635611589,0.03887228818465931,-0.06336443693445268,0.11625934636659847,-0.07374438766812415,-0.008357552295930607,-0.05415282390209879,0.0335444207005843,0.07919968045433189,0.11119512367422865
sterimol_B1_vburminconf,0.09573785294056539,-0.02750714232499672,-0.056035442957985585,0.0008876707664997315,0.02321747766145809,0.16038863099154105,-0.04761323343967232,-0.06498466520605835,0.024459925557592486,-0.030081579689890846,0.006662179224966704,-0.039172469152088926,0.12445842119690881,0.014186499357025102,0.004387843973335627,-0.03380534129589544,-0.018552924795522358,0.07614298719867697,-0.005266605755130858,0.00356563930128674
sterimol_B5_boltz,0.09947737330187308,0.06621468488082415,-0.055515560753246505,-0.019182930469172497,-0.07402839570652324,0.007673466897305523,0.0189756355382302,0.07861385378633746,-0.03532639852215913,-0.06769061902640959,-0.021139168871385658,0.040804109674863885,-0.034934148858809,0.016426995984263587,-0.06541871891878757,-0.05919099298417913,0.05459812522479571,0.0705381429734991,0.06434357887276682,-0.14454161484806774
sterimol_B5_min,0.09757771820956787,0.03956057624420169,-0.09200346229646793,0.008845573731966485,-0.07835849635671711,0.01866975957513248,0.004619419335557679,0.035443168427972335,-0.0019288623764340696,-0.04999111216320634,-0.025824214969828795,0.027355090651119844,-0.04777916948149954,0.05823090700584458,-0.1000556715855146,-0.05787123495391126,-0.027223943115113412,-0.11312034647914923,0.08011823645459959,-0.09974084500915684
sterimol_B5_max,0.10263565279854889,0.0774704923440726,-0.026994130387360104,-0.03699589916765502,-0.05488871674234277,-0.013652241568714049,0.028292009371842848,0.07200248609403699,-0.06253944095539146,-0.054251558131180364,0.006755961208387919,0.03222672809827961,-0.028368464731492085,-0.028195103183118676,-0.02908518105804977,-0.04501048715608698,0.07604894169666578,0.14178672449846808,0.011553698152523047,-0.12999664055319654
sterimol_B5_delta,0.035679180804995804,0.07179922946322993,0.07792472649747395,-0.07079275914836683,0.015367265098713443,-0.046399027421359394,0.03915537105036178,0.06847552517923351,-0.09745318330218047,-0.020947943878461463,0.04478873233955816,0.015524317054483143,0.017524358630057076,-0.12171690715545032,0.08517883694587837,0.0041981478244588165,0.1574205850738533,0.3755731249767121,-0.08696980985569595,-0.07657867355265871
sterimol_B5_vburminconf,0.10632579662567791,0.05370864344640338,-0.05015773265103028,-0.010773491298181984,-0.0697896683401874,0.009068680829713722,0.017537656070217535,0.04137426239634234,-0.018844151083426845,-0.061697178225524875,0.0010107479076170232,0.02889378673776191,-0.04522991709112139,0.024116956030083146,-0.08429729522183128,-0.06201351147144203,0.013262503121428681,-0.019203532448209014,0.0590410967572387,-0.12320856401667056
sterimol_L_boltz,0.06966455866683284,0.07447238103609281,-0.05681688656073065,0.005974249105231374,-0.14392839397164325,0.019925235204709565,0.027168975375863907,0.05647197938089334,-0.03361726102280795,0.016698510189254154,-0.010978893863173751,-0.04340602099734843,-0.026783213736995996,0.036371448211902545,0.04267322948629567,0.18679879325148038,0.12144192436484398,-0.015748960484294555,-0.03876021566863425,0.12534118327036697
sterimol_L_min,0.0616078495106953,-0.00837304075541111,-0.1014720038754968,0.03011751484923961,-0.12017425980623975,-0.00012518230978806306,0.002716628840353434,-0.04565667794670243,-0.00885248301668815,0.09746753228585064,0.11364948668765,-0.10802368342789935,-0.009251677644343795,0.03975188030195761,0.04893365734108336,0.18619251189449176,0.1660195594649725,-0.14584383878112905,-0.009142916917113731,0.06965319343782948
sterimol_L_max,0.09139388563465907,0.0939013747366104,0.026238576655170345,-0.05489820191726222,-0.07329119105586888,-0.014987758564711308,0.028254018407319764,0.032475047151811924,-0.08342627291267884,0.024700903757799555,-0.010080978418710694,-0.01024087357448033,-0.02974096615475354,-0.027090055026728864,0.06003541624272982,0.0957695905919634,0.08242332627990423,0.060419425138115754,-0.10627454813023132,0.018943076745988562
sterimol_L_delta,0.050868903374314885,0.10269570005923191,0.09845006266979889,-0.07778728603846476,0.009003418651926902,-0.015362973944110608,0.027215856697294354,0.06560506496786457,-0.07977611680437856,-0.04311821656184867,-0.09036164410790588,0.06545303010545443,-0.02415040567424444,-0.055898723524263075,0.027459234236730138,-0.03228367062371018,-0.03184786886784394,0.16490958334657937,-0.10312631194102671,-0.029482571325311954
sterimol_L_vburminconf,0.0858291101703359,0.08606521277418706,0.008829894447798541,-0.036571029382900334,-0.07119182781016327,-0.013494742059928812,0.01636556526187682,0.01747207443096051,-0.06562996959191039,0.04924939764846785,-0.03543021685939331,-0.010766171779694085,-0.04019538022096765,-0.035186028876642274,0.07352835713971306,0.13962960854036424,0.05737640572034417,0.0217999117219096,-0.1013881683079706,0.03153326200115108
sterimol_burB1_boltz,0.097604748486889,-0.054546894603152284,-0.03196025403702298,0.007564813160420559,0.04816270451682231,0.14040121329535382,-0.055145927554340585,-0.08472429119838362,0.03304411362512195,-0.02846836198136419,-0.005300970260066056,-0.003231702725316359,0.052293823753276285,0.03734938932578376,-0.005983921802408597,-0.02562125248186285,0.004912946551736902,0.08625680127745329,-0.025230599942533325,-0.047291631313311766
sterimol_burB1_min,0.07700744776701549,-0.08868245546536822,-0.09079973766670361,0.019289273608931963,0.04702533462507174,0.09526040759848106,-0.05438006735284432,-0.09222262599598854,-0.0029120150305469244,-0.012330557118888365,0.04112097024279456,-0.021827353555316686,0.08034946343774914,-0.048463535149608196,0.04848527289263687,-0.0301414347127232,0.022296581698581452,0.08020182751890821,-0.05760438816647563,-0.09630514246609219
sterimol_burB1_max,0.10293321676279092,-0.005542373071703229,0.02355142188242221,-0.002796856862952319,0.03380374452385644,0.1577477261045052,-0.0526222253285787,-0.05128024158936683,0.04765482272153197,-0.039679448552428276,-0.06812848631940659,0.0356389978491238,0.04187984069089523,0.0626235824063167,-0.04904325417553136,-0.011339499872265435,-0.04241542642338636,0.10306369645329423,0.010639548295396772,0.01756199324766366
sterimol_burB1_delta,0.03803545831068186,0.0896234783771803,0.12627323840023438,-0.024219933993912653,-0.011079360347841636,0.08296643773404334,-0.003165855957573242,0.039455485670276465,0.05942831506815756,-0.03348189284285757,-0.1250375431978195,0.06575203274087733,-0.037680077353507875,0.1264997172349345,-0.11048772632116939,0.019295975269170814,-0.07426242989997778,0.03472552006901982,0.07502971207293462,0.1251710594912907
sterimol_burB1_vburminconf,0.09519024938960927,-0.05547275406584751,-0.030627526419504034,0.011599615067133997,0.034657520458558584,0.1279278266597976,-0.08539795004322204,-0.07793936730048985,0.014382783564454089,-0.0024746588878636557,0.005485415907136983,-0.020030421825223518,0.0995853589324088,0.01205297316957178,-0.0017408110148705584,-0.01905470384098067,-0.01745948814277916,0.08820056921510741,-0.03805737415553031,-0.03750074316650094
sterimol_burB5_boltz,0.10383747272689285,0.03360971576216424,-0.004721482603817826,-0.0025658518360289033,-0.06154119409721678,-0.0064486258541166675,-0.056227689426665714,0.010947241571022876,0.022538078994676143,0.04214386350507205,-0.07159382003495589,0.10373056777496291,-0.05912677477022461,0.020965715339170094,-0.0836469898856955,-0.03540294432191135,0.07020218748659518,0.09934076063002686,0.06916328226467842,-0.16379866750199518
sterimol_burB5_min,0.10078568697097373,0.004639409824999836,-0.053765147340585774,0.029060667965235244,-0.07049770408889156,0.009987385597218823,-0.04528438279247268,-0.02351544921469641,0.060848277097271405,0.03334434540934205,-0.06825195398927596,0.10056872623466513,-0.0894154021999474,0.04579270670766962,-0.08998231341066895,-0.02185801413749363,0.025553322305101434,-0.03955845543487796,0.049126526373578006,-0.14526683396115658
sterimol_burB5_max,0.10469604613679664,0.054331704902804694,0.028098018603835585,-0.02201832210205366,-0.04883245653186671,-0.0202843430208921,-0.047154716571545865,0.019029893774519076,-0.008520114662670386,0.0554385354811097,-0.058216602375035814,0.08748756119485222,-0.029809761451086353,-0.023641969629904086,-0.04261758881701178,-0.02336395673165585,0.10810980267297769,0.17566468644621408,0.04598625770771776,-0.11000674781577598
sterimol_burB5_delta,0.028674846469661824,0.0723615732621532,0.1051557184463369,-0.06663919568039296,0.014952948595522866,-0.04114916145771397,-0.01304664580394572,0.05566387129510512,-0.08560694355948663,0.039331991408288025,-0.0012200211155886922,0.004245289275892511,0.06506167679139746,-0.0891474208248675,0.04736833901443073,-0.007162833692949149,0.12430202602601463,0.29975539646961696,0.006736545167111827,0.017348763742209172
sterimol_burB5_vburminconf,0.10442309963758921,0.015989607282386246,-0.01534679601176742,0.01885605815379084,-0.06321428419373955,0.007822303775677142,-0.04355049798672376,-0.01940399208770649,0.06457548253709186,0.0247338740837504,-0.051215014842519356,0.0985131358676799,-0.05923151753588777,0.02738158224995734,-0.10033456793686492,-0.021274792696241093,0.06034377936490181,0.015160503387834857,0.0848537313129808,-0.1536612995208259
sterimol_burL_boltz,0.05651370522839852,0.00837615319641469,-0.009690875927149354,0.002202684846338536,-0.08326952436145295,-0.0014093808507126832,-0.10157878686033374,-0.031025155377916218,0.013111010140694929,0.19685268119899613,-0.024125694158402506,-0.036480945677987014,-0.09034631396795546,0.06256320837952753,0.022779578310523137,0.2758367172886944,0.22105167043317137,-0.022302131621731947,-0.1363160310670759,0.12417823062802752
sterimol_burL_min,0.047784841928192545,-0.055095426494297606,-0.08973718693347134,0.008986934314706554,-0.0486211649552467,-0.027973370670149805,-0.07013004786781951,-0.07775000376157835,0.0029328655317284237,0.16910857159573991,0.10647258711416174,-0.11751741514252814,-0.08505989598614502,0.024404847793904297,0.11114655363572788,0.15504123250856322,0.227912031023459,-0.05558107453322263,-0.11285292777549875,-0.00639419403402125
sterimol_burL_max,0.06870693906472398,0.03752314494980835,0.08935139449227045,-0.05711687377465822,0.003084661151931641,0.0022543598650766952,-0.10500448283337246,-0.04451841291144548,0.0008761286263689659,0.1753515389062101,-0.08337294760818668,-0.006091548864971793,-0.02128550172829042,0.0203190519376734,-0.04706841620064968,0.17865193545673416,0.1310718165702072,-0.06247174935158518,-0.06483209446916025,0.09035788361550012
sterimol_burL_delta,0.013173445911694285,0.07337898351024234,0.14093780420143187,-0.05065839631218363,0.04197413436956353,0.02451300883914606,-0.02249629578319524,0.029603892342952354,-0.0017260582977037336,-0.004816870584647133,-0.15004414672129232,0.09117375043650215,0.05318862528163757,-0.004478420929562396,-0.1263111523868994,0.009154124854768656,-0.08634447032974248,-0.00208786205754841,0.04280700452627779,0.07376372822995873
sterimol_burL_vburminconf,0.06618939358821571,0.024242048197330137,0.04928972686544078,-0.04607488873956327,0.001036008991342343,-0.0019548086765066594,-0.09331697023666811,-0.06924330874202589,0.01751640645796809,0.1830704772833142,-0.10871714611364813,-0.0019276515907916418,-0.05427266416143677,0.006261450892710785,-0.021361526876363886,0.2243979272025575,0.1252169915748482,-0.047412535390322044,-0.0834952294915308,0.08226248733821404
