model,label,n_transformed_features_min,n_transformed_features_max,n_transformed_features_last,n_fit_rows,fit_seconds,fitted_kernel_last,rmse,mae,r2,mean_predictive_std
df_onehot_ligand,LOLO_AmPhos,35,35,35,2688,2.2343463000142947,RBF(length_scale=1),14.529887421532187,11.21646751301161,0.7886184873367328,13.261478385560517
df_onehot_ligand,LOLO_CataCXium A,35,35,35,2688,1.7697530000004917,RBF(length_scale=1),16.634036456599397,13.217132165270547,0.7105256152473753,13.295948313126274
df_onehot_ligand,LOLO_P(Cy)3,35,35,35,2688,1.6029070999938995,RBF(length_scale=1),16.246877193672983,12.906281110564342,0.6988655998910758,13.389504289799758
df_onehot_ligand,LOLO_P(Ph)3,35,35,35,2688,1.538116900017485,RBF(length_scale=1),20.145007792428185,15.819152102989671,0.6323174102958145,13.086196104673528
df_onehot_ligand,LOLO_P(o-Tol)3,35,35,35,2688,1.7342469000723213,RBF(length_scale=1),22.300247547169143,17.762960639654565,0.3405473561930523,13.411587555510678
df_onehot_ligand,LOLO_P(tBu)3,35,35,35,2688,2.8238416999811307,RBF(length_scale=1),21.740473569559594,15.992457202532043,0.43436420252088104,13.383028995985882
df_onehot_ligand,LOLO_SPhos,35,35,35,2688,2.9334629999939352,RBF(length_scale=1),22.680519427668646,16.89592700774578,0.3395431149998446,13.480049246527892
df_onehot_ligand,LOLO_XPhos,35,35,35,2688,2.9460804999107495,RBF(length_scale=1),26.8268530204768,20.741770262114812,0.013874400480097804,13.540630391974654
df_bur_boltz_vbur_min,LOLO_AmPhos,30,30,30,2688,2.9929440999403596,RBF(length_scale=1),12.615128186417374,8.192193332281857,0.8406596237062678,7.337879635476514
df_bur_boltz_vbur_min,LOLO_CataCXium A,30,30,30,2688,2.702456200029701,RBF(length_scale=1),19.405160579754735,13.6793088966092,0.6060425447944191,9.061131259092159
df_bur_boltz_vbur_min,LOLO_P(Cy)3,30,30,30,2688,2.0103021000977606,RBF(length_scale=1),21.14454374186154,14.862142173342171,0.4899447628131227,14.016895505868172
df_bur_boltz_vbur_min,LOLO_P(Ph)3,30,30,30,2688,1.972560100024566,RBF(length_scale=1),24.575524544735025,21.463357076997085,0.45280291017760954,22.81464812402783
df_bur_boltz_vbur_min,LOLO_P(o-Tol)3,30,30,30,2688,1.8559681000187993,RBF(length_scale=1),23.658224345686268,15.612000313018521,0.2577870334372102,10.816669777764512
df_bur_boltz_vbur_min,LOLO_P(tBu)3,30,30,30,2688,1.6791989000048488,RBF(length_scale=1),16.847959728684373,11.553138643961057,0.6603015866552173,11.695978193141864
df_bur_boltz_vbur_min,LOLO_SPhos,30,30,30,2688,1.5136638999683782,RBF(length_scale=1),9.70393268152772,6.7266968781914045,0.8790978486063197,8.148961894889112
df_bur_boltz_vbur_min,LOLO_XPhos,30,30,30,2688,1.5171643999638036,RBF(length_scale=1),9.082694934590211,6.226604869526195,0.886962582077603,9.118488743760393
df_bur_boltz_vbur_min_vbur_delta,LOLO_AmPhos,31,31,31,2688,1.5180735000176355,RBF(length_scale=1),13.59147623410916,8.85650748470716,0.8150408747427794,9.746610114741914
df_bur_boltz_vbur_min_vbur_delta,LOLO_CataCXium A,31,31,31,2688,1.8243295999709517,RBF(length_scale=1),21.15970943124876,14.660657771564457,0.5315812823914932,12.303299257826714
df_bur_boltz_vbur_min_vbur_delta,LOLO_P(Cy)3,31,31,31,2688,2.3544872999191284,RBF(length_scale=1),20.962178797907328,15.242847281632613,0.49870494968417767,18.194244528331144
df_bur_boltz_vbur_min_vbur_delta,LOLO_P(Ph)3,31,31,31,2688,2.574824700015597,RBF(length_scale=1),26.184002812831416,23.88791269960605,0.37883029825766334,25.659941214872713
df_bur_boltz_vbur_min_vbur_delta,LOLO_P(o-Tol)3,31,31,31,2688,2.1931986999697983,RBF(length_scale=1),22.19937525198733,14.809169730970124,0.3464997612635974,12.709426869315488
df_bur_boltz_vbur_min_vbur_delta,LOLO_P(tBu)3,31,31,31,2688,2.253094100044109,RBF(length_scale=1),16.479101067640414,11.606500688768952,0.6750130504074606,13.07184064178754
df_bur_boltz_vbur_min_vbur_delta,LOLO_SPhos,31,31,31,2688,2.2837977999588475,RBF(length_scale=1),14.074685863009652,12.488490855218453,0.7456592779784994,24.718974491033265
df_bur_boltz_vbur_min_vbur_delta,LOLO_XPhos,31,31,31,2688,2.471356099937111,RBF(length_scale=1),18.944145434408483,16.528285556407337,0.5082517628764501,28.979580967024386
df_interp,LOLO_AmPhos,33,33,33,2688,1.8019655999960378,RBF(length_scale=1),31.617372739424837,28.848851501790595,-0.0009077708992424327,29.871698644170085
df_interp,LOLO_CataCXium A,33,33,33,2688,1.5546992000890896,RBF(length_scale=1),16.564339560871126,12.86882295979269,0.7129463383580572,24.480621595749415
df_interp,LOLO_P(Cy)3,33,33,33,2688,1.489075299934484,RBF(length_scale=1),21.653972002442025,19.23977457900735,0.4650715253403035,26.86001011085835
df_interp,LOLO_P(Ph)3,33,33,33,2688,1.5744211000856012,RBF(length_scale=1),32.82495715735071,30.737434850602728,0.023782649222972574,29.427921943561632
df_interp,LOLO_P(o-Tol)3,33,33,33,2688,1.4380782999796793,RBF(length_scale=1),27.211399748116374,24.103250434912923,0.018102825292141245,29.95090804310335
df_interp,LOLO_P(tBu)3,33,33,33,2688,1.5334595999447629,RBF(length_scale=1),26.238763853289313,23.763144675808608,0.17607889282792955,29.562963015718804
df_interp,LOLO_SPhos,33,33,33,2688,1.4261534999823198,RBF(length_scale=1),14.889568526903638,13.292752024284988,0.7153555603472015,25.86633424290586
df_interp,LOLO_XPhos,33,33,33,2688,1.7203628000570461,RBF(length_scale=1),19.682590720806676,17.201237772207275,0.4691677534661606,29.254709048069216
df_pca_augmented,LOLO_AmPhos,40,40,40,2688,2.527001000009477,RBF(length_scale=1),31.616764201795654,28.8483078888077,-0.0008692424493681461,29.871698640401462
df_pca_augmented,LOLO_CataCXium A,40,40,40,2688,2.725660700001754,RBF(length_scale=1),27.47028489996038,25.154069698745705,0.2105199339359164,29.537810856650193
df_pca_augmented,LOLO_P(Cy)3,40,40,40,2688,3.1092831999994814,RBF(length_scale=1),26.204471789082604,23.92935011427471,0.2166219576272207,29.820925225177515
df_pca_augmented,LOLO_P(Ph)3,40,40,40,2688,2.6622902000090107,RBF(length_scale=1),33.3626629475805,31.168159695215014,-0.00846214911364851,29.447794035343573
df_pca_augmented,LOLO_P(o-Tol)3,40,40,40,2688,2.7311803000047803,RBF(length_scale=1),28.19034146979176,25.109368823524875,-0.0538163168081538,30.161734966646467
df_pca_augmented,LOLO_P(tBu)3,40,40,40,2688,1.9649447000119835,RBF(length_scale=1),29.85486304045592,27.039769956654208,-0.066667476314481,30.14549317253704
df_pca_augmented,LOLO_SPhos,40,40,40,2688,1.9852736999746412,RBF(length_scale=1),27.996726478130373,25.115747892135115,-0.006359122036416975,30.363647265213654
df_pca_augmented,LOLO_XPhos,40,40,40,2688,1.687104200012982,RBF(length_scale=1),27.09935545522449,23.882639936756558,-0.006261128651221526,30.500493138920152
